"event_id","event_date","team_name","team_id","rider_name","rider_id","pcs_rank","event_rank","uci_points","pcs_points_season","pcs_points_last_60d","pcs_gc_points","pcs_gc_points_season","pcs_sprint_points","pcs_sprint_points_season","pcs_rank_w","event_rank_w","uci_points_w","pcs_points_season_w","pcs_gc_points_season_w","pcs_points_last_60d_w","pcs_gc_points_w","pcs_sprint_points_w","pcs_sprint_points_season_w","gc_score","classic_score","sprinter_score","combined_score","rank.x","rank.y","tier","fav_points"
"tour-de-france","2025-07-05","UAE Team Emirates - XRG (WT)","team/uae-team-emirates-xrg-2025","POGAČAR Tadej","rider/tadej-pogacar",1,1,5096,2300,431,2162.5,1000,278,251,2.81,2.83,2566.1931,1201.56999999999,975.1,431,2162.5,278,251,15.4772954918781,15.1444603555762,6.71619164427078,13.6252241814661,1,1,1,6
"tour-de-france","2025-07-05","UAE Team Emirates - XRG (WT)","team/uae-team-emirates-xrg-2025","ALMEIDA João","rider/joao-almeida",3,3,2512.57,1634,460,2380,1380,0,0,3,3,2512.57,1201.56999999999,975.1,435.93,2199.475,0,0,15.5448731518329,15.1635043073623,1.9313730198986,12.7077624721049,2,2,2,3
"tour-de-france","2025-07-05","Team Visma | Lease a Bike (WT)","team/team-visma-lease-a-bike-2025","VINGEGAARD Jonas","rider/jonas-vingegaard",6,5,868.57,573,340,2490,970,12,0,6,5,868.57,573,970,340,2199.475,12,0,13.7462502261547,7.88916558803564,0.244337670377396,9.28874232356354,3,3,2,3
"tour-de-france","2025-07-05","Team Picnic PostNL (WT)","team/team-picnic-postnl-2025","ONLEY Oscar","rider/oscar-onley",13,12,1307,880,306,1322,931,63.5,20,13,12,1307,880,931,306,1322,63.5,20,10.8495980431077,9.68751725509444,1.18446789266629,8.56794777661543,4,4,2,3
"tour-de-france","2025-07-05","Team Visma | Lease a Bike (WT)","team/team-visma-lease-a-bike-2025","YATES Simon","rider/simon-yates",29,21,1563,636,508,1383.75,705,20.25,0,29,21,1563,636,705,435.93,1383.75,20.25,0,9.57912120514969,10.3305843366657,0.824055929513977,8.05354708947736,5,5,2,3
"tour-de-france","2025-07-05","Soudal Quick-Step (WT)","team/soudal-quick-step-2025","EVENEPOEL Remco","rider/remco-evenepoel",2,2,1473,728,258,1557.5,600,32.5,0,2.81,2.83,1473,728,600,258,1557.5,32.5,0,9.55344459196669,8.2491821712631,1.03836731724528,7.45915041081133,6,6,2,3
"tour-de-france","2025-07-05","Arkéa - B&B Hotels (WT)","team/arkea-b-b-hotels-2025","VAUQUELIN Kévin","rider/kevin-vauquelin",23,18,1636,939,408,897.75,470,47,47,23,18,1636,939,470,408,897.75,47,47,6.34531200217322,11.938150482506,1.67076557885044,7.08825426160851,7,7,2,3
"tour-de-france","2025-07-05","Alpecin - Deceuninck (WT)","team/alpecin-deceuninck-2025","PHILIPSEN Jasper","rider/jasper-philipsen",7,6,1203,706,272,293.25,190,2606,929,7,6,1203,706,190,272,293.25,1352.76749999999,774.099999999998,1.9565544774354,8.00502155912674,18.1756581259504,7.0149153316458,8,8,2,3
"tour-de-france","2025-07-05","Movistar Team (WT)","team/movistar-team-2025","MAS Enric","rider/enric-mas",12,11,956,613,151,1554.25,812,0,0,12,11,956,613,812,151,1554.25,0,0,10.4259668783873,5.18608573656842,0.191196707189401,6.80704850160206,9,9,2,3
"tour-de-france","2025-07-05","Team Visma | Lease a Bike (WT)","team/team-visma-lease-a-bike-2025","JORGENSON Matteo","rider/matteo-jorgenson",21,16,1188.57,651,172,1281.5,580,265.25,95,21,16,1188.57,651,580,172,1281.5,265.25,95,7.99959204156557,5.93616798192238,3.15505827354563,6.41165807006862,10,10,3,1
"tour-de-france","2025-07-05","Alpecin - Deceuninck (WT)","team/alpecin-deceuninck-2025","VAN DER POEL Mathieu","rider/mathieu-van-der-poel",9,8,2828,1113,60,241.25,145,832.75,358,9,8,2566.1931,1113,145,60,241.25,832.75,358,2.87052014966259,8.66919606711414,11.3878045381568,6.31357980259689,11,11,3,1
"tour-de-france","2025-07-05","UAE Team Emirates - XRG (WT)","team/uae-team-emirates-xrg-2025","YATES Adam","rider/adam-yates",31,23,537,419,140,1911.5,711,75,50,31,23,537,419,711,140,1911.5,75,50,10.3174106990903,3.17772056984501,0.654676991983581,6.24295691889538,12,12,3,1
"tour-de-france","2025-07-05","Red Bull - BORA - hansgrohe (WT)","team/red-bull-bora-hansgrohe-2025","ROGLIČ Primož","rider/primoz-roglic",11,10,882,533,103,1682.5,700,4,4,11,10,882,533,700,103,1682.5,4,4,9.99018376965184,3.85393838651861,0.197464816804997,6.1907663641425,13,13,3,1
"tour-de-france","2025-07-05","Red Bull - BORA - hansgrohe (WT)","team/red-bull-bora-hansgrohe-2025","LIPOWITZ Florian","rider/florian-lipowitz",30,22,1159,616,223,1016.25,770,10.5,0,30,22,1159,616,770,223,1016.25,10.5,0,8.35448549926087,6.40838470225514,0.324893903050367,6.16473694091705,14,14,3,1
"tour-de-france","2025-07-05","Soudal Quick-Step (WT)","team/soudal-quick-step-2025","MERLIER Tim","rider/tim-merlier",17,14,1193.29,799,227,55.75,10,2114.5,882,17,14,1193.29,799,10,227,55.75,1352.76749999999,774.099999999998,-0.261030856550317,7.77833308961203,18.0664737606668,5.81627925074181,15,15,3,1
"tour-de-france","2025-07-05","Team Visma | Lease a Bike (WT)","team/team-visma-lease-a-bike-2025","VAN AERT Wout","rider/wout-van-aert",5,4,2177,859,212,251.25,45,714.75,342,5,4,2177,859,45,212,251.25,714.75,342,1.8199764164677,9.08492346780157,10.0973799704775,5.65494124266981,NA,NA,0,0
"tour-de-france","2025-07-05","Tudor Pro Cycling Team (PRT)","team/tudor-pro-cycling-team-2025","STORER Michael","rider/michael-storer",39,27,1020,687,186,1032,586,47.25,37,39,27,1020,687,586,186,1032,47.25,37,6.86681618736268,6.06184057092595,0.780061131933008,5.40797249134573,NA,NA,0,0
"tour-de-france","2025-07-05","INEOS Grenadiers (WT)","team/ineos-grenadiers-2025","GANNA Filippo","rider/filippo-ganna",16,13,1837,788,113,565,270,166.5,38,16,13,1837,788,270,113,565,166.5,38,4.04337787811215,6.60275499020437,2.58445334812241,4.51940610574187,NA,NA,0,0
"tour-de-france","2025-07-05","Lidl - Trek (WT)","team/lidl-trek-2025","MILAN Jonathan","rider/jonathan-milan",28,20,1042.86,694,65,71.25,15,1196.75,752,28,20,1042.86,694,15,65,71.25,1196.75,752,-0.413423154238855,4.31503779283281,16.5887731384207,4.40555438841456,NA,NA,0,0
"tour-de-france","2025-07-05","Team Picnic PostNL (WT)","team/team-picnic-postnl-2025","ANDRESEN Tobias Lund","rider/tobias-lund-andresen",56,38,751,567,396,277.5,245,417.5,314,56,38,751,567,245,396,277.5,417.5,314,1.40484142197934,8.18071907920271,5.96363538714627,4.34936351217974,NA,NA,0,0
"tour-de-france","2025-07-05","INEOS Grenadiers (WT)","team/ineos-grenadiers-2025","RODRÍGUEZ Carlos","rider/carlos-rodriguez-cano",52,36,385.43,273,82,1560.25,640,1.5,0,52,36,385.43,273,640,82,1560.25,1.5,0,8.27421605854211,1.00217792552863,-0.731878531071448,4.29138570071535,NA,NA,0,0
"tour-de-france","2025-07-05","Team Jayco AlUla (WT)","team/team-jayco-alula-2025","O'CONNOR Ben","rider/ben-o-connor",25,19,364.81,310,132,1413.75,530,13.5,0,25,19,364.81,310,530,132,1413.75,13.5,0,7.18321866370558,2.22794828155057,-0.454935452129161,4.16900672589213,NA,NA,0,0
"tour-de-france","2025-07-05","Lidl - Trek (WT)","team/lidl-trek-2025","SKJELMOSE Mattias","rider/mattias-skjelmose-jensen",40,28,1099.57,590,75,1188.75,320,5.25,0,40,28,1099.57,590,320,75,1188.75,5.25,0,5.55689626667664,3.76700796010472,0.149265781149338,3.93840367759961,NA,NA,0,0
"tour-de-france","2025-07-05","Bahrain - Victorious (WT)","team/bahrain-victorious-2025","MARTINEZ Lenny","rider/lenny-martinez",59,40,1268,753,57,776.5,440,0,0,59,40,1268,753,440,57,776.5,0,0,5.0342303798504,4.54055679790489,0.136478349424431,3.90657789918155,NA,NA,0,0
"tour-de-france","2025-07-05","Intermarché - Wanty (WT)","team/intermarche-wanty-2025","GIRMAY Biniam","rider/biniam-girmay",10,9,925,538,264,67,42,768.75,390,10,9,925,538,42,264,67,768.75,390,-0.211636486363142,6.48088208830037,9.62552199804039,3.76355078291662,NA,NA,0,0
"tour-de-france","2025-07-05","Decathlon AG2R La Mondiale Team (WT)","team/decathlon-ag2r-la-mondiale-2025","GALL Felix","rider/felix-gall",69,44,621.43,413,210,883.75,451,0,0,69,44,621.43,413,451,210,883.75,0,0,4.73564341833648,4.04453117068273,-0.607596060129288,3.4596618483472,NA,NA,0,0
"tour-de-france","2025-07-05","Red Bull - BORA - hansgrohe (WT)","team/red-bull-bora-hansgrohe-2025","MEEUS Jordi","rider/jordi-meeus",51,35,570,432,291,32.5,5,911.5,505,51,35,570,432,5,291,32.5,911.5,505,-1.31271251368327,5.51533239243823,11.170211838909,3.23228582867163,NA,NA,0,0
"tour-de-france","2025-07-05","Groupama - FDJ (WT)","team/groupama-fdj-2025","GRÉGOIRE Romain","rider/romain-gregoire1",33,24,1005,598,115,581.5,329,0,0,33,24,1005,598,329,115,581.5,0,0,3.50271756514254,4.40282486894703,0.070888130585274,3.08638386937243,NA,NA,0,0
"tour-de-france","2025-07-05","Soudal Quick-Step (WT)","team/soudal-quick-step-2025","VAN WILDER Ilan","rider/ilan-van-wilder",79,50,487.29,369,105,1117,455,3,0,79,50,487.29,369,455,105,1117,3,0,5.3391114074065,1.8875493249574,-0.81066958633817,3.07368658392284,NA,NA,0,0
"tour-de-france","2025-07-05","Groupama - FDJ (WT)","team/groupama-fdj-2025","MARTIN Guillaume","rider/guillaume-martin",58,39,647,469,71,882.5,469,0,0,58,39,647,469,469,71,882.5,0,0,4.96124038275096,2.30989137290353,-0.507478506661044,3.07209190191433,NA,NA,0,0
"tour-de-france","2025-07-05","Bahrain - Victorious (WT)","team/bahrain-victorious-2025","BUITRAGO Santiago","rider/santiago-buitrago-sanchez",49,34,670,501,0,940,470,4.5,0,49,34,670,501,470,0,940,4.5,0,5.2574302009699,1.48697561757035,-0.386766782467736,2.99745442926251,NA,NA,0,0
"tour-de-france","2025-07-05","EF Education - EasyPost (WT)","team/ef-education-easypost-2025","POWLESS Neilson","rider/neilson-powless",18,15,1080.5,650,80,343.75,95,304.5,225,18,15,1080.5,650,95,80,343.75,304.5,225,1.20415031155553,4.38195942743846,4.85220684265344,2.88710435253999,NA,NA,0,0
"tour-de-france","2025-07-05","Team TotalEnergies (PRT)","team/team-totalenergies-2025","JEANNIÈRE Emilien","rider/emilien-jeanniere",44,30,815,463,234,223,160,342,197,44,30,815,463,160,234,223,342,197,0.777321157683349,5.13640704547477,4.26912281846212,2.78340725617653,NA,NA,0,0
"tour-de-france","2025-07-05","XDS Astana Team (WT)","team/xds-astana-team-2025","CHAMPOUSSIN Clément","rider/clement-champoussin",41,29,850,564,104,451.25,381,9,0,41,29,850,564,381,104,451.25,9,0,3.2031561103743,3.78338777521685,-0.102650753437876,2.71606423706463,NA,NA,0,0
"tour-de-france","2025-07-05","UAE Team Emirates - XRG (WT)","team/uae-team-emirates-xrg-2025","WELLENS Tim","rider/tim-wellens",47,32,635,316,20,754.5,460,75,15,47,32,635,316,460,20,754.5,75,15,4.53855951887249,0.611480614573685,0.218267939326306,2.49637753167361,NA,NA,0,0
"tour-de-france","2025-07-05","INEOS Grenadiers (WT)","team/ineos-grenadiers-2025","ARENSMAN Thymen","rider/thymen-arensman",110,64,698.29,454,38,983.25,397,0,0,110,64,698.29,454,397,38,983.25,0,0,4.48195243370455,1.38992827021311,-0.811780239011355,2.49559865011394,NA,NA,0,0
"tour-de-france","2025-07-05","Lotto (PRT)","team/lotto-2025","VAN EETVELT Lennert","rider/lennert-van-eetvelt",36,25,439,355,0,804,476,50.5,13,36,25,439,355,476,0,804,50.5,13,4.70785414690512,0.429356449042189,-0.0733980782561314,2.46805439251399,NA,NA,0,0
"tour-de-france","2025-07-05","Uno-X Mobility (PRT)","team/uno-x-mobility-2025","CORT Magnus","rider/magnus-cort-nielsen",22,17,802,457,5,551.75,345,64,24,22,17,802,457,345,5,551.75,64,24,3.39402734519584,1.64904669480437,0.633669998262592,2.31846168069175,NA,NA,0,0
"tour-de-france","2025-07-05","Team Jayco AlUla (WT)","team/team-jayco-alula-2025","GROENEWEGEN Dylan","rider/dylan-groenewegen",78,49,371,326,201,73.75,30,1166.5,336,78,49,371,326,30,201,73.75,1166.5,336,-1.39749241245833,3.01618217341607,10.3394362285551,2.27399569150667,NA,NA,0,0
"tour-de-france","2025-07-05","Uno-X Mobility (PRT)","team/uno-x-mobility-2025","JOHANNESSEN Tobias Halland","rider/tobias-halland-johannessen",75,47,587,323,147,587.75,311,107,62,75,47,587,323,311,147,587.75,107,62,2.63702560926456,2.39985388771237,0.720028749681545,2.1824747208823,NA,NA,0,0
"tour-de-france","2025-07-05","Groupama - FDJ (WT)","team/groupama-fdj-2025","ASKEY Lewis","rider/lewis-askey",108,62,719,496,318,157,120,267.5,128,108,62,719,496,120,318,157,267.5,128,-0.290474162443425,6.11645210560303,2.4277739806044,2.17525334658008,NA,NA,0,0
"tour-de-france","2025-07-05","Movistar Team (WT)","team/movistar-team-2025","RUBIO Einer","rider/einer-rubio",163,89,600,311,206,864.25,261,60.5,47,163,89,600,311,261,206,864.25,60.5,47,2.63069868527457,2.66353312652547,-0.338773390811763,2.04665460243257,NA,NA,0,0
"tour-de-france","2025-07-05","UAE Team Emirates - XRG (WT)","team/uae-team-emirates-xrg-2025","SIVAKOV Pavel","rider/pavel-sivakov",60,41,272.57,231,8,871.5,503,0,0,60,41,272.57,231,503,8,871.5,0,0,4.74984537626049,-0.616784494223446,-0.926393319025111,2.00460867605819,NA,NA,0,0
"tour-de-france","2025-07-05","Uno-X Mobility (PRT)","team/uno-x-mobility-2025","WÆRENSKJOLD Søren","rider/soren-waerenskjold",77,48,588,408,125,460,135,381.25,130,77,48,588,408,135,125,460,381.25,130,0.91909840866601,2.58090843708532,3.22778447986482,1.87937863143156,NA,NA,0,0
"tour-de-france","2025-07-05","INEOS Grenadiers (WT)","team/ineos-grenadiers-2025","WATSON Samuel","rider/samuel-watson",111,65,736.86,480,229,316.5,180,62,14,111,65,736.86,480,180,229,316.5,62,14,0.670159980596364,4.59520428246654,-0.229303113925882,1.66778065225297,NA,NA,0,0
"tour-de-france","2025-07-05","Alpecin - Deceuninck (WT)","team/alpecin-deceuninck-2025","GROVES Kaden","rider/kaden-groves",54,37,975,389,236,96.25,40,252.5,68,54,37,975,389,40,236,96.25,252.5,68,-0.441027299730781,4.77640538283228,2.25238787116402,1.6628855392171,NA,NA,0,0
"tour-de-france","2025-07-05","Tudor Pro Cycling Team (PRT)","team/tudor-pro-cycling-team-2025","HIRSCHI Marc","rider/marc-hirschi",8,7,617,332,10,605,179,117.5,14,8,7,617,332,179,10,605,117.5,14,2.31116774791393,0.864236452996509,0.779919854254392,1.5708387807068,NA,NA,0,0
"tour-de-france","2025-07-05","Red Bull - BORA - hansgrohe (WT)","team/red-bull-bora-hansgrohe-2025","VAN POPPEL Danny","rider/danny-van-poppel",114,68,366,262,133,307,155,648,236,114,68,366,262,155,133,307,648,236,0.0306005293165987,1.26760715187359,5.64468776826469,1.52451996387332,NA,NA,0,0
"tour-de-france","2025-07-05","UAE Team Emirates - XRG (WT)","team/uae-team-emirates-xrg-2025","NARVÁEZ Jhonatan","rider/jhonatan-narvaez",95,57,761.14,389,5,599.5,280,100,5,95,57,761.14,389,280,5,599.5,100,5,2.49608660773385,0.623841853940084,0.0391623998292849,1.44302834001481,NA,NA,0,0
"tour-de-france","2025-07-05","Arkéa - B&B Hotels (WT)","team/arkea-b-b-hotels-2025","DÉMARE Arnaud","rider/arnaud-demare",101,59,448,286,182,80.5,13,714.75,308,101,59,448,286,13,182,80.5,714.75,308,-1.56428907292814,2.39480490292128,7.12140667351048,1.36057826911441,NA,NA,0,0
"tour-de-france","2025-07-05","Movistar Team (WT)","team/movistar-team-2025","CASTRILLO Pablo","rider/pablo-castrillo-zapater",82,53,324.71,301,84,530.5,372,7,7,82,53,324.71,301,372,84,530.5,7,7,2.53128024101773,0.916765657559983,-0.909255949421166,1.35881862789263,NA,NA,0,0
"tour-de-france","2025-07-05","Lotto (PRT)","team/lotto-2025","DE LIE Arnaud","rider/arnaud-de-lie",38,26,302,200,65,233.5,186,624.25,148,38,26,302,200,186,65,233.5,624.25,148,0.5107377563181,0.308750189385351,4.95501108090812,1.33899615115628,NA,NA,0,0
"tour-de-france","2025-07-05","Soudal Quick-Step (WT)","team/soudal-quick-step-2025","SCHACHMANN Maximilian","rider/maximilian-schachmann",81,52,568.29,397,20,446.75,353,10.75,5,81,52,568.29,397,353,20,446.75,10.75,5,2.37734091406412,0.787819245154954,-0.64074436275412,1.29686735802772,NA,NA,0,0
"tour-de-france","2025-07-05","XDS Astana Team (WT)","team/xds-astana-team-2025","TEUNISSEN Mike","rider/mike-teunissen",80,51,605,340,113,211.5,68,399.75,231,80,51,605,340,68,113,211.5,399.75,231,-0.429702246000962,1.94162050731127,4.53000151915109,1.27363533302312,NA,NA,0,0
"tour-de-france","2025-07-05","Team Jayco AlUla (WT)","team/team-jayco-alula-2025","SCHMID Mauro","rider/mauro-schmid",48,33,754.67,454,67,396.25,115,0,0,48,33,754.67,454,115,67,396.25,0,0,0.943104931848015,2.34520521586228,-0.313648859908078,1.11238425870108,NA,NA,0,0
"tour-de-france","2025-07-05","Cofidis (WT)","team/cofidis-2025","RENARD Alexis","rider/alexis-renard",137,77,585,378,235,52.5,10,345.25,284,137,77,585,378,10,235,52.5,345.25,284,-1.79152592098283,3.70576515233855,4.42123427562522,1.10021344033519,NA,NA,0,0
"tour-de-france","2025-07-05","Arkéa - B&B Hotels (WT)","team/arkea-b-b-hotels-2025","RODRÍGUEZ Cristián","rider/cristian-rodriguez",119,70,436,282,142,599,228,0.75,0,119,70,436,282,228,142,599,0.75,0,1.59705349348918,1.58000375130194,-1.16182447707646,1.04016297671988,NA,NA,0,0
"tour-de-france","2025-07-05","Cofidis (WT)","team/cofidis-2025","ARANBURU Alex","rider/alex-aranburu",46,31,704,469,30,393,131,18.5,5,46,31,704,469,131,30,393,18.5,5,1.01738028498101,1.82745295026736,-0.168636029940778,1.02319882158255,NA,NA,0,0
"tour-de-france","2025-07-05","EF Education - EasyPost (WT)","team/ef-education-easypost-2025","HEALY Ben","rider/ben-healy",64,42,1144,457,7,362.5,87,7.5,0,64,42,1144,457,87,7,362.5,7.5,0,0.914558624917041,1.70699902922974,0.021637243427444,0.973706469912931,NA,NA,0,0
"tour-de-france","2025-07-05","Decathlon AG2R La Mondiale Team (WT)","team/decathlon-ag2r-la-mondiale-2025","TRONCHON Bastien","rider/bastien-tronchon",154,85,653,386,197,203,136,133.75,130,154,85,653,386,136,197,203,133.75,130,-0.413182145488047,3.11389981617196,1.22252146050404,0.972083164208374,NA,NA,0,0
"tour-de-france","2025-07-05","EF Education - EasyPost (WT)","team/ef-education-easypost-2025","VAN DEN BERG Marijn","rider/marijn-van-den-berg",113,67,463,352,77,282.25,130,463.25,146,113,67,463,352,130,77,282.25,463.25,146,-0.119914184461006,1.07180790692735,3.53380562100467,0.968346404048636,NA,NA,0,0
"tour-de-france","2025-07-05","Tudor Pro Cycling Team (PRT)","team/tudor-pro-cycling-team-2025","TRENTIN Matteo","rider/matteo-trentin",88,55,374,198,33,397,255,244.75,119,88,55,374,198,255,33,397,244.75,119,1.25109387293703,-0.523682439643094,1.92760897078402,0.85396399873239,NA,NA,0,0
"tour-de-france","2025-07-05","Lotto (PRT)","team/lotto-2025","BERCKMOES Jenno","rider/jenno-berckmoes",105,60,329,207,144,403.5,227,84.75,63,105,60,329,207,227,144,403.5,84.75,63,0.936568787056077,1.14846886619147,0.127351798040407,0.838295412993561,NA,NA,0,0
"tour-de-france","2025-07-05","Tudor Pro Cycling Team (PRT)","team/tudor-pro-cycling-team-2025","ALAPHILIPPE Julian","rider/julian-alaphilippe",66,43,416,235,149,380.75,157,34.5,0,66,43,416,235,157,149,380.75,34.5,0,0.698583735862425,1.74974795854609,-0.592866294505474,0.755642996593944,NA,NA,0,0
"tour-de-france","2025-07-05","XDS Astana Team (WT)","team/xds-astana-team-2025","VELASCO Simone","rider/simone-velasco",96,58,923,454,45,234.5,132,3.75,0,96,58,923,454,132,45,234.5,3.75,0,0.342147809088166,1.82719239222465,-0.461478536078302,0.626935914995818,NA,NA,0,0
"tour-de-france","2025-07-05","Team Visma | Lease a Bike (WT)","team/team-visma-lease-a-bike-2025","KUSS Sepp","rider/sepp-kuss",169,93,71,65,51,1029.75,324,6.5,0,169,93,71,65,324,51,1029.75,6.5,0,3.03947670870866,-1.95582126761024,-1.84629822578438,0.56373232891438,NA,NA,0,0
"tour-de-france","2025-07-05","Bahrain - Victorious (WT)","team/bahrain-victorious-2025","WRIGHT Fred","rider/alfred-wright",128,73,554,306,88,216,157,208.5,120,128,73,554,306,157,88,216,208.5,120,-0.14742734487587,0.956531627296872,1.63938864732887,0.541123545216901,NA,NA,0,0
"tour-de-france","2025-07-05","Movistar Team (WT)","team/movistar-team-2025","ROMEO Iván","rider/ivan-romeo",139,78,542.71,365,70,294.75,255,46.25,13,139,78,542.71,365,255,70,294.75,46.25,13,0.742822625892072,0.963228044616215,-0.733122931245175,0.513755140081866,NA,NA,0,0
"tour-de-france","2025-07-05","Groupama - FDJ (WT)","team/groupama-fdj-2025","MADOUAS Valentin","rider/valentin-madouas",73,46,319,177,69,415.25,152,96,70,73,46,319,177,152,69,415.25,96,70,0.633094930514656,-0.0277056602691011,0.477983253594774,0.403832417895552,NA,NA,0,0
"tour-de-france","2025-07-05","Decathlon AG2R La Mondiale Team (WT)","team/decathlon-ag2r-la-mondiale-2025","BERTHET Clément","rider/clement-berthet",126,72,473,339,12,439.5,257,0,0,126,72,473,339,257,12,439.5,0,0,1.26513475222884,-0.102871870788325,-1.16285620531049,0.369134573815822,NA,NA,0,0
"tour-de-france","2025-07-05","Team Visma | Lease a Bike (WT)","team/team-visma-lease-a-bike-2025","BENOOT Tiesj","rider/tiesj-benoot",89,56,830,370,5,136.25,48,203.75,126,89,56,830,370,48,5,136.25,203.75,126,-0.661584437459829,0.599287149935624,2.22514470997712,0.294022868246197,NA,NA,0,0
"tour-de-france","2025-07-05","XDS Astana Team (WT)","team/xds-astana-team-2025","TEJADA Harold","rider/harold-tejada",145,80,345,287,30,489.5,278,4,4,145,80,345,287,278,30,489.5,4,4,1.3317554347124,-0.405531364229231,-1.34569481404736,0.275079345277958,NA,NA,0,0
"tour-de-france","2025-07-05","Bahrain - Victorious (WT)","team/bahrain-victorious-2025","MOHORIČ Matej","rider/matej-mohoric",131,74,125,126,5,701,300,90.75,5,131,74,125,126,300,5,701,90.75,5,2.06982537108508,-1.96690138763529,-0.935505270555167,0.257741215140919,NA,NA,0,0
"tour-de-france","2025-07-05","Bahrain - Victorious (WT)","team/bahrain-victorious-2025","BAUHAUS Phil","rider/phil-bauhaus",135,75,388,261,81,32.5,15,564.25,266,135,75,388,261,15,81,32.5,564.25,266,-2.00824580883527,0.349094566900179,5.387718079252,0.178149081502819,NA,NA,0,0
"tour-de-france","2025-07-05","Cofidis (WT)","team/cofidis-2025","COQUARD Bryan","rider/bryan-coquard",112,66,458,346,86,156.75,73,268,62,112,66,458,346,73,86,156.75,268,62,-0.952798916992163,1.18198899254389,1.32128481924886,0.142454203116857,NA,NA,0,0
"tour-de-france","2025-07-05","Team TotalEnergies (PRT)","team/team-totalenergies-2025","JEGAT Jordan","rider/jordan-jegat",118,69,325,248,45,344.25,256,16,16,118,69,325,248,256,45,344.25,16,16,0.823622255126776,-0.270883375876344,-0.981399897331679,0.134266135334149,NA,NA,0,0
"tour-de-france","2025-07-05","Lidl - Trek (WT)","team/lidl-trek-2025","NYS Thibau","rider/thibau-nys",84,54,818,374,55,191.75,10,30,0,84,54,818,374,10,55,191.75,30,0,-0.727993529804048,1.43092695085345,-0.342572313441999,-0.00323314233438832,NA,NA,0,0
"tour-de-france","2025-07-05","UAE Team Emirates - XRG (WT)","team/uae-team-emirates-xrg-2025","SOLER Marc","rider/marc-soler",121,71,241,228,5,564.5,224,0,0,121,71,241,228,224,5,564.5,0,0,1.23036931178394,-1.14332910355125,-1.38655475909749,-0.00512502699290529,NA,NA,0,0
"tour-de-france","2025-07-05","Uno-X Mobility (PRT)","team/uno-x-mobility-2025","JOHANNESSEN Anders Halland","rider/anders-halland-johannessen",218,115,402,282,190,212.75,184,43.25,41,218,115,402,282,184,190,212.75,43.25,41,-0.732888975921599,1.64269903195493,-1.10193117646776,-0.0940210136678729,NA,NA,0,0
"tour-de-france","2025-07-05","Intermarché - Wanty (WT)","team/intermarche-wanty-2025","ZIMMERMANN Georg","rider/georg-zimmermann",162,88,378,249,59,371.25,223,17,5,162,88,378,249,223,59,371.25,17,5,0.450831824696185,-0.270937984807533,-1.33342752748924,-0.122550988592016,NA,NA,0,0
"tour-de-france","2025-07-05","Intermarché - Wanty (WT)","team/intermarche-wanty-2025","REX Laurenz","rider/laurenz-rex",174,95,487,274,81,47.5,30,402.5,239,174,95,487,274,30,81,47.5,402.5,239,-2.02496075251392,0.25577341780427,3.88115229824091,-0.159517891267497,NA,NA,0,0
"tour-de-france","2025-07-05","Team TotalEnergies (PRT)","team/team-totalenergies-2025","CRAS Steff","rider/steff-cras",190,101,227,194,58,450,278,20,20,190,101,227,194,278,58,450,20,20,0.768043754481035,-0.984850940306827,-1.48400021021067,-0.208233446893666,NA,NA,0,0
"tour-de-france","2025-07-05","EF Education - EasyPost (WT)","team/ef-education-easypost-2025","BAUDIN Alex","rider/alex-baudin",109,63,155,93,12,400.75,270,0,0,109,63,155,93,270,12,400.75,0,0,1.01570720370239,-1.87926122778117,-1.37368117888542,-0.330661002260237,NA,NA,0,0
"tour-de-france","2025-07-05","Red Bull - BORA - hansgrohe (WT)","team/red-bull-bora-hansgrohe-2025","VLASOV Aleksandr","rider/aleksandr-vlasov",211,113,126.71,102,25,1054,134,3,0,211,113,126.71,102,134,25,1054,3,0,1.52382733043367,-2.35909772485368,-2.09701529462585,-0.36521871116444,NA,NA,0,0
"tour-de-france","2025-07-05","Israel - Premier Tech (PRT)","team/israel-premier-tech-2025","BLACKMORE Joseph","rider/joseph-blackmore",149,82,264,178,28,388.75,207,23.25,15,149,82,264,178,207,28,388.75,23.25,15,0.362143705043519,-1.24457025218558,-1.20833487715994,-0.433966198565903,NA,NA,0,0
"tour-de-france","2025-07-05","Team TotalEnergies (PRT)","team/team-totalenergies-2025","TURGIS Anthony","rider/anthony-turgis",180,97,414,229,95,87.75,30,252.25,190,180,97,414,229,30,95,87.75,252.25,190,-1.99766100314453,0.0799496973221327,2.24991092978689,-0.524863406418245,NA,NA,0,0
"tour-de-france","2025-07-05","Team Picnic PostNL (WT)","team/team-picnic-postnl-2025","BITTNER Pavel","rider/pavel-bittner",107,61,346,228,71,51.25,35,161.75,112,107,61,346,228,35,71,51.25,161.75,112,-1.64633363877681,0.13517125785036,1.1955154454177,-0.543512352949759,NA,NA,0,0
"tour-de-france","2025-07-05","Israel - Premier Tech (PRT)","team/israel-premier-tech-2025","ACKERMANN Pascal","rider/pascal-ackermann",136,76,205,132,132,58.75,25,334.5,116,136,76,205,132,25,132,58.75,334.5,116,-2.05154185774137,0.127066846396567,1.9616528473467,-0.595320305482372,NA,NA,0,0
"tour-de-france","2025-07-05","Decathlon AG2R La Mondiale Team (WT)","team/decathlon-ag2r-la-mondiale-2025","PARET-PEINTRE Aurélien","rider/aurelien-paret-peintre",175,96,378.43,254,5,446.5,162,0,0,175,96,378.43,254,162,5,446.5,0,0,0.162462859661379,-1.19595909682149,-1.60465090671271,-0.5984864805583,NA,NA,0,0
"tour-de-france","2025-07-05","Lidl - Trek (WT)","team/lidl-trek-2025","STUYVEN Jasper","rider/jasper-stuyven",173,94,618,239,5,336,71,119.25,27,173,94,618,239,71,5,336,119.25,27,-0.59426399590699,-1.01490754588269,-0.262634599824214,-0.654131181683143,NA,NA,0,0
"tour-de-france","2025-07-05","Uno-X Mobility (PRT)","team/uno-x-mobility-2025","LEKNESSUND Andreas","rider/andreas-leknessund",199,105,385,162,54,413,177,1.5,0,199,105,385,162,177,54,413,1.5,0,0.0215495032634233,-1.14368925712325,-1.72995059000727,-0.678322143506717,NA,NA,0,0
"tour-de-france","2025-07-05","Intermarché - Wanty (WT)","team/intermarche-wanty-2025","BARRÉ Louis","rider/louis-barre",166,91,603,326,45,196.25,79,0,0,166,91,603,326,79,45,196.25,0,0,-0.984782681697019,0.198295289222025,-1.29915609557642,-0.692733973197185,NA,NA,0,0
"tour-de-france","2025-07-05","Team TotalEnergies (PRT)","team/team-totalenergies-2025","DELETTRE Alexandre","rider/alexandre-delettre",241,120,291,225,80,329.25,201,40.5,18,241,120,291,225,201,80,329.25,40.5,18,-0.43140480005594,-0.672889990241525,-1.61214458878248,-0.739998314856924,NA,NA,0,0
"tour-de-france","2025-07-05","Team Jayco AlUla (WT)","team/team-jayco-alula-2025","PLAPP Luke","rider/luke-plapp",245,121,562,265,92,323.75,115,6.5,0,245,121,562,265,115,92,323.75,6.5,0,-0.802833101802895,0.0380925166030719,-1.77151026271008,-0.744290848462542,NA,NA,0,0
"tour-de-france","2025-07-05","Lidl - Trek (WT)","team/lidl-trek-2025","SKUJIŅŠ Toms","rider/toms-skujins",72,45,315,141,37,169.5,69,31,6,72,45,315,141,69,37,169.5,31,6,-0.796731752972087,-0.753700384889722,-0.68284908542997,-0.761045809038954,NA,NA,0,0
"tour-de-france","2025-07-05","Arkéa - B&B Hotels (WT)","team/arkea-b-b-hotels-2025","VENTURINI Clément","rider/clement-venturini",182,98,423,253,138,142.25,71,16.75,5,182,98,423,253,71,138,142.25,16.75,5,-1.52068387064536,0.905879205342479,-1.42895311744225,-0.774368797208386,NA,NA,0,0
"tour-de-france","2025-07-05","Decathlon AG2R La Mondiale Team (WT)","team/decathlon-ag2r-la-mondiale-2025","BISSEGGER Stefan","rider/stefan-bissegger",159,86,458.43,209,27,95,55,183.25,122,159,86,458.43,209,55,27,95,183.25,122,-1.59253110043833,-0.919088976485979,1.20906626387279,-0.830178990390401,NA,NA,0,0
"tour-de-france","2025-07-05","Team Jayco AlUla (WT)","team/team-jayco-alula-2025","DUNBAR Eddie","rider/edward-irl-dunbar",150,83,67,62,28,410.75,192,4.5,4,150,83,67,62,192,28,410.75,4.5,4,0.109348607270795,-2.20259349422905,-1.67619327855881,-0.941342400345079,NA,NA,0,0
"tour-de-france","2025-07-05","Lidl - Trek (WT)","team/lidl-trek-2025","SIMMONS Quinn","rider/quinn-simmons",152,84,305,168,83,154.25,113,15,0,152,84,305,168,113,83,154.25,15,0,-1.09873738219716,-0.42383872981736,-1.42125110139819,-0.960770530323426,NA,NA,0,0
"tour-de-france","2025-07-05","XDS Astana Team (WT)","team/xds-astana-team-2025","BOL Cees","rider/cees-bol",221,116,327,214,80,148.75,25,291,142,221,116,327,214,25,80,148.75,291,142,-2.19323334714761,-0.619777609600811,1.55141844741934,-0.97226626697018,NA,NA,0,0
"tour-de-france","2025-07-05","INEOS Grenadiers (WT)","team/ineos-grenadiers-2025","LAURANCE Axel","rider/axel-laurance",186,99,528,275,44,213,55,26.25,11,186,99,528,275,55,44,213,26.25,11,-1.30247219896645,-0.343921160016159,-1.20620578270681,-0.995653604029435,NA,NA,0,0
"tour-de-france","2025-07-05","EF Education - EasyPost (WT)","team/ef-education-easypost-2025","ALBANESE Vincenzo","rider/vincenzo-albanese",146,81,228.5,188,99,162.75,38,25.5,16,146,81,228.5,188,38,99,162.75,25.5,16,-1.64866235082671,-0.0826720756842848,-1.20334310609255,-1.08980141933715,NA,NA,0,0
"tour-de-france","2025-07-05","Israel - Premier Tech (PRT)","team/israel-premier-tech-2025","STEWART Jake","rider/jake-stewart",207,111,226,200,108,104.25,63,156.5,83,207,111,226,200,63,108,104.25,156.5,83,-2.09766727696499,-0.293896025474836,-0.0171167025773119,-1.14042578664041,NA,NA,0,0
"tour-de-france","2025-07-05","Tudor Pro Cycling Team (PRT)","team/tudor-pro-cycling-team-2025","DAINESE Alberto","rider/alberto-dainese",290,129,336,223,112,75.75,5,410.25,113,290,129,336,223,5,112,75.75,410.25,113,-2.8632386076753,-0.334652606225488,1.67264339650656,-1.19748640640398,NA,NA,0,0
"tour-de-france","2025-07-05","Uno-X Mobility (PRT)","team/uno-x-mobility-2025","HOELGAARD Markus","rider/markus-hoelgaard",160,87,440,226,6,68.25,50,85,79,160,87,440,226,50,6,68.25,85,79,-1.75114113019539,-1.17316915142254,0.0525060950483671,-1.21702009151478,NA,NA,0,0
"tour-de-france","2025-07-05","Team Picnic PostNL (WT)","team/team-picnic-postnl-2025","VAN DEN BROEK Frank","rider/frank-van-den-broek",197,104,215,161,5,333.5,170,5.75,0,197,104,215,161,170,5,333.5,5.75,0,-0.465713700286645,-2.08783059353827,-1.86880866833415,-1.23296776187164,NA,NA,0,0
"tour-de-france","2025-07-05","EF Education - EasyPost (WT)","team/ef-education-easypost-2025","ASGREEN Kasper","rider/kasper-asgreen",257,123,255,138,112,195.5,45,198.5,91,257,123,255,138,45,112,195.5,198.5,91,-2.1167795095585,-0.826345892829743,0.139226639950633,-1.27844819463804,NA,NA,0,0
"tour-de-france","2025-07-05","Soudal Quick-Step (WT)","team/soudal-quick-step-2025","CATTANEO Mattia","rider/mattia-cattaneo",206,110,241,139,49,286.5,145,0,0,206,110,241,139,145,49,286.5,0,0,-0.856704864843407,-1.58454853647463,-1.95497098746396,-1.29471119085688,NA,NA,0,0
"tour-de-france","2025-07-05","Team TotalEnergies (PRT)","team/team-totalenergies-2025","BURGAUDEAU Mathieu","rider/mathieu-burgaudeau",168,92,89,58,5,295,202,0,0,168,92,89,58,202,5,295,0,0,-0.317894110542079,-2.69471820686673,-1.85604977631115,-1.33857247259329,NA,NA,0,0
"tour-de-france","2025-07-05","Uno-X Mobility (PRT)","team/uno-x-mobility-2025","FREDHEIM Stian","rider/stian-fredheim",224,117,415,274,35,5,5,235,139,224,117,415,274,5,35,32.1175,235,139,-2.65923322311453,-0.870899288071509,1.24285941579423,-1.34231451481987,NA,NA,0,0
"tour-de-france","2025-07-05","Groupama - FDJ (WT)","team/groupama-fdj-2025","PENHOËT Paul","rider/paul-penhoet",200,106,229,180,55,156.5,19,169.25,93,200,106,229,180,19,55,156.5,169.25,93,-2.16964208943773,-1.18986883897659,0.248397902432962,-1.39210211592525,NA,NA,0,0
"tour-de-france","2025-07-05","Red Bull - BORA - hansgrohe (WT)","team/red-bull-bora-hansgrohe-2025","PITHIE Laurence","rider/laurence-pithie",202,108,398,197,18,55.5,15,331,75,202,108,398,197,15,18,55.5,331,75,-2.38842562445623,-1.51002771699424,1.19727898305147,-1.40776533071609,NA,NA,0,0
"tour-de-france","2025-07-05","Alpecin - Deceuninck (WT)","team/alpecin-deceuninck-2025","VERMEERSCH Gianni","rider/gianni-vermeersch",209,112,360,215,5,66.5,35,312.25,90,209,112,360,215,35,5,66.5,312.25,90,-2.30104568228247,-1.69474413613895,1.16486670814639,-1.42597274035364,NA,NA,0,0
"tour-de-france","2025-07-05","Cofidis (WT)","team/cofidis-2025","TEUNS Dylan","rider/dylan-teuns",279,128,166,156,5,440.25,159,6.5,4,279,128,166,156,159,5,440.25,6.5,4,-0.652594214502844,-2.59173154552104,-2.28852042677745,-1.56152065626323,NA,NA,0,0
"tour-de-france","2025-07-05","INEOS Grenadiers (WT)","team/ineos-grenadiers-2025","FOSS Tobias","rider/tobias-foss",212,114,223.29,157,22,247.25,128,5,5,212,114,223.29,157,128,22,247.25,5,5,-1.18380238030083,-1.96615531581617,-1.93472034708436,-1.56869185431214,NA,NA,0,0
"tour-de-france","2025-07-05","Israel - Premier Tech (PRT)","team/israel-premier-tech-2025","WOODS Michael","rider/michael-woods",143,79,150,131,0,218,70,0.5,0,143,79,150,131,70,0,218,0.5,0,-1.28632242860877,-2.06299449956715,-1.60696817495393,-1.58345319916531,NA,NA,0,0
"tour-de-france","2025-07-05","Groupama - FDJ (WT)","team/groupama-fdj-2025","PACHER Quentin","rider/quentin-pacher",201,107,150,107,32,223.5,120,21,12,201,107,150,107,120,32,223.5,21,12,-1.30803862346865,-2.11220111685127,-1.73696938226698,-1.6350735232431,NA,NA,0,0
"tour-de-france","2025-07-05","XDS Astana Team (WT)","team/xds-astana-team-2025","BALLERINI Davide","rider/davide-ballerini",240,119,375,180,35,52.5,35,171,98,240,119,375,180,35,35,52.5,171,98,-2.47243723808022,-1.56816740112744,0.255899449058125,-1.65548894956672,NA,NA,0,0
"tour-de-france","2025-07-05","XDS Astana Team (WT)","team/xds-astana-team-2025","HIGUITA Sergio","rider/sergio-higuita",275,126,80,64,16,482.25,168,0,0,275,126,80,64,168,16,482.25,0,0,-0.506827405308811,-3.06633999188445,-2.43925610096833,-1.66116692041341,NA,NA,0,0
"tour-de-france","2025-07-05","Soudal Quick-Step (WT)","team/soudal-quick-step-2025","PARET-PEINTRE Valentin","rider/valentin-paret-peintre",300,134,255,204,5,383.25,140,3,0,300,134,255,204,140,5,383.25,3,0,-0.996467907856445,-2.29855126107091,-2.37033247798976,-1.66186582784745,NA,NA,0,0
"tour-de-france","2025-07-05","XDS Astana Team (WT)","team/xds-astana-team-2025","FEDOROV Yevgeniy","rider/yevgeniy-fedorov",250,122,396.33,233,39,58.5,21,175.75,60,250,122,396.33,233,21,39,58.5,175.75,60,-2.58229103272438,-1.19724212830809,-0.196983268788895,-1.68971480861239,NA,NA,0,0
"tour-de-france","2025-07-05","Lidl - Trek (WT)","team/lidl-trek-2025","THEUNS Edward","rider/edward-theuns",294,131,207.86,179,5,78.25,25,412.75,157,294,131,207.86,179,25,5,78.25,412.75,157,-2.87414158193769,-2.46498462709407,2.04924306810147,-1.76671756547677,NA,NA,0,0
"tour-de-france","2025-07-05","Team Picnic PostNL (WT)","team/team-picnic-postnl-2025","BARGUIL Warren","rider/warren-barguil",263,125,183,140,36,293.75,115,0,0,263,125,183,140,115,36,293.75,0,0,-1.38581364588041,-2.1207294144338,-2.29258862534819,-1.78764337233998,NA,NA,0,0
"tour-de-france","2025-07-05","Team Visma | Lease a Bike (WT)","team/team-visma-lease-a-bike-2025","AFFINI Edoardo","rider/edoardo-affini",165,90,148.57,98,63,80,45,29.5,0,165,90,148.57,98,45,63,80,29.5,0,-2.09485984106583,-1.43704154080548,-1.58328079937298,-1.79519854264915,NA,NA,0,0
"tour-de-france","2025-07-05","Arkéa - B&B Hotels (WT)","team/arkea-b-b-hotels-2025","GARCÍA PIERNA Raúl","rider/raul-garcia-pierna",278,127,197,137,22,274.5,150,0,0,278,127,197,137,150,22,274.5,0,0,-1.23890317125687,-2.40016112246966,-2.33223712164569,-1.80594734669847,NA,NA,0,0
"tour-de-france","2025-07-05","Bahrain - Victorious (WT)","team/bahrain-victorious-2025","HAIG Jack","rider/jack-haig",317,139,124,90,5,496.5,169,0,0,317,139,124,90,169,5,496.5,0,0,-0.626445487711413,-3.24975574480402,-2.61473796574996,-1.8110970604469,NA,NA,0,0
"tour-de-france","2025-07-05","Cofidis (WT)","team/cofidis-2025","THOMAS Benjamin","rider/benjamin-thomas-2",312,136,209,193,99,176,99,15,2,312,136,209,193,99,99,176,15,2,-2.09552015965199,-0.98265030929596,-2.36753691260285,-1.81606255513535,NA,NA,0,0
"tour-de-france","2025-07-05","Movistar Team (WT)","team/movistar-team-2025","BARTA Will","rider/william-barta",329,141,121.71,115,58,301.5,186,2,0,329,141,121.71,115,186,58,301.5,2,0,-1.21944142905755,-2.30490258633447,-2.65198884406165,-1.83158925924145,NA,NA,0,0
"tour-de-france","2025-07-05","Israel - Premier Tech (PRT)","team/israel-premier-tech-2025","LUTSENKO Alexey","rider/aleksey-lutsenko",316,138,155,120,32,443,92,16.5,0,316,138,155,120,92,32,443,16.5,0,-1.31964198002708,-2.58870885938373,-2.46734637719993,-1.92990292326864,NA,NA,0,0
"tour-de-france","2025-07-05","Movistar Team (WT)","team/movistar-team-2025","GARCÍA CORTINA Iván","rider/ivan-garcia-cortina",233,118,337.71,200,6,44.5,15,206.25,44,233,118,337.71,200,15,6,44.5,206.25,44,-2.65726414405279,-1.91137896891463,-0.181491672874562,-1.9383440972757,NA,NA,0,0
"tour-de-france","2025-07-05","Tudor Pro Cycling Team (PRT)","team/tudor-pro-cycling-team-2025","HALLER Marco","rider/marco-haller",261,124,197,108,36,113.25,67,191,52,261,124,197,108,67,36,113.25,191,52,-2.31917970485192,-2.29544878522255,-0.452681860242804,-1.93876086004128,NA,NA,0,0
"tour-de-france","2025-07-05","Lotto (PRT)","team/lotto-2025","VAN MOER Brent","rider/brent-van-moer",305,135,302,170,10,257.75,35,107.5,65,305,135,302,170,35,10,257.75,107.5,65,-2.15348618266348,-2.4077594113838,-0.915374294275917,-1.98214577360206,NA,NA,0,0
"tour-de-france","2025-07-05","Cofidis (WT)","team/cofidis-2025","IZAGIRRE Ion","rider/ion-izagirre",194,102,85,59,5,296.5,63,1,0,194,102,85,59,63,5,296.5,1,0,-1.47467344125812,-2.84831649095111,-2.00977665992121,-1.99378699989864,NA,NA,0,0
"tour-de-france","2025-07-05","Intermarché - Wanty (WT)","team/intermarche-wanty-2025","PAGE Hugo","rider/hugo-page",291,130,168,110,85,82.75,30,158.25,70,291,130,168,110,30,85,82.75,158.25,70,-2.84830064170684,-1.66858006658386,-0.60055700722433,-2.04483574227344,NA,NA,0,0
"tour-de-france","2025-07-05","Arkéa - B&B Hotels (WT)","team/arkea-b-b-hotels-2025","COSTIOU Ewen","rider/ewen-costiou",313,137,184,115,14,279.5,133,22.75,7,313,137,184,115,133,14,279.5,22.75,7,-1.53521897698947,-2.85712875626003,-2.29776727308165,-2.08430156998907,NA,NA,0,0
"tour-de-france","2025-07-05","Team TotalEnergies (PRT)","team/team-totalenergies-2025","VERCHER Mattéo","rider/matheo-vercher",205,109,235,173,5,60.5,59,3.75,0,205,109,235,173,59,5,60.5,3.75,0,-2.24283303025737,-2.05633299324441,-1.92615102902085,-2.12354661890618,NA,NA,0,0
"tour-de-france","2025-07-05","Cofidis (WT)","team/cofidis-2025","BUCHMANN Emanuel","rider/emanuel-buchmann",436,153,207,136,64,412.5,94,0,0,436,153,207,136,94,64,412.5,0,0,-1.78051253646086,-2.35359394882117,-2.94137875461803,-2.18461020380038,NA,NA,0,0
"tour-de-france","2025-07-05","Alpecin - Deceuninck (WT)","team/alpecin-deceuninck-2025","MEURISSE Xandro","rider/xandro-meurisse",188,100,49,51,5,141.25,58,8,0,188,100,49,51,58,5,141.25,8,0,-2.0457691060944,-2.90419400206307,-1.97109312482154,-2.28836137863043,NA,NA,0,0
"tour-de-france","2025-07-05","Uno-X Mobility (PRT)","team/uno-x-mobility-2025","ABRAHAMSEN Jonas","rider/jonas-abrahamsen",295,132,77,67,35,85.5,57,282.25,40,295,132,77,67,57,35,85.5,282.25,40,-2.76867562221986,-2.85480346465334,-0.309434148233095,-2.30266568015255,NA,NA,0,0
"tour-de-france","2025-07-05","Team Visma | Lease a Bike (WT)","team/team-visma-lease-a-bike-2025","CAMPENAERTS Victor","rider/victor-campenaerts",196,103,59.57,50,6,90,55,8.75,5,196,103,59.57,50,55,6,90,8.75,5,-2.27841873938632,-2.93083009763746,-1.94283695683437,-2.40702579035127,NA,NA,0,0
"tour-de-france","2025-07-05","Arkéa - B&B Hotels (WT)","team/arkea-b-b-hotels-2025","CAPIOT Amaury","rider/amaury-capiot",411,151,163,137,90,82.25,60,191,25,411,151,163,137,60,90,82.25,191,25,-3.12147606519711,-1.90564558009336,-1.42059575573455,-2.41655085777347,NA,NA,0,0
"tour-de-france","2025-07-05","Decathlon AG2R La Mondiale Team (WT)","team/decathlon-ag2r-la-mondiale-2025","ARMIRAIL Bruno","rider/bruno-armirail",352,144,96.43,70,33,291.5,108,0,0,352,144,96.43,70,108,33,291.5,0,0,-1.92535352138849,-3.09490620922895,-2.77398869930661,-2.44594636332426,NA,NA,0,0
"tour-de-france","2025-07-05","Intermarché - Wanty (WT)","team/intermarche-wanty-2025","RUTSCH Jonas","rider/jonas-rutsch",381,149,347,134,7,105.5,39,126.75,100,381,149,347,134,39,7,105.5,126.75,100,-2.90910270847591,-2.948760029145,-0.642637495253201,-2.46770686203209,NA,NA,0,0
"tour-de-france","2025-07-05","Groupama - FDJ (WT)","team/groupama-fdj-2025","RUSSO Clément","rider/clement-russo",348,143,153,117,31,63.75,40,103,91,348,143,153,117,40,31,63.75,103,91,-3.11451260852491,-2.74868781829621,-0.96810334555765,-2.57548331886285,NA,NA,0,0
"tour-de-france","2025-07-05","Movistar Team (WT)","team/movistar-team-2025","MÜHLBERGER Gregor","rider/gregor-muhlberger",331,142,50,61,36,205,91,5.25,0,331,142,50,61,91,36,205,5.25,0,-2.32358056087137,-3.08523184663243,-2.72159222415027,-2.63167827925547,NA,NA,0,0
"tour-de-france","2025-07-05","Team Picnic PostNL (WT)","team/team-picnic-postnl-2025","FLYNN Sean","rider/sean-flynn",325,140,19,47,5,173.25,139,29.5,10,325,140,19,47,139,5,173.25,29.5,10,-2.08568066891803,-3.66268707789803,-2.45083656068811,-2.63181376996604,NA,NA,0,0
"tour-de-france","2025-07-05","Team TotalEnergies (PRT)","team/team-totalenergies-2025","GACHIGNARD Thomas","rider/thomas-gachignard",400,150,63,74,24,180.25,126,75,7,400,150,63,74,126,24,180.25,75,7,-2.38118269137864,-3.41704420269363,-2.42858772034774,-2.70142215056696,NA,NA,0,0
"tour-de-france","2025-07-05","Decathlon AG2R La Mondiale Team (WT)","team/decathlon-ag2r-la-mondiale-2025","NAESEN Oliver","rider/oliver-naesen",366,146,92.43,90,5,133.75,54,107,43,366,146,92.43,90,54,5,133.75,107,43,-2.90950103922405,-3.46528573228862,-1.65038044404646,-2.8244123281079,NA,NA,0,0
"tour-de-france","2025-07-05","Red Bull - BORA - hansgrohe (WT)","team/red-bull-bora-hansgrohe-2025","VAN DIJKE Mick","rider/mick-van-dijke",379,148,130,107,5,87.25,28,103.75,76,379,148,130,107,28,5,87.25,103.75,76,-3.26569346272372,-3.36710489489822,-1.28719396047907,-2.90041699192714,NA,NA,0,0
"tour-de-france","2025-07-05","Movistar Team (WT)","team/movistar-team-2025","OLIVEIRA Nelson","rider/nelson-oliveira",297,133,30,29,5,143.25,60,7.5,0,297,133,30,29,60,5,143.25,7.5,0,-2.61364466264262,-3.63332461919721,-2.56333166071527,-2.90948604922353,NA,NA,0,0
"tour-de-france","2025-07-05","Intermarché - Wanty (WT)","team/intermarche-wanty-2025","BRAET Vito","rider/vito-braet",359,145,158,101,1,34.75,20,125,69,359,145,158,101,20,1,34.75,125,69,-3.39734309666039,-3.36307061523509,-1.13287789371293,-2.93416831164331,NA,NA,0,0
"tour-de-france","2025-07-05","Lotto (PRT)","team/lotto-2025","SEPÚLVEDA Eduardo","rider/eduardo-sepulveda",489,158,47,53,28,288.5,81,1,0,489,158,47,53,81,28,288.5,1,0,-2.63946087956715,-3.79115672697186,-3.27699612397699,-3.11247668267053,NA,NA,0,0
"tour-de-france","2025-07-05","Israel - Premier Tech (PRT)","team/israel-premier-tech-2025","LOUVEL Matis","rider/matis-louvel",372,147,84,67,23,57.25,10,78.25,38,372,147,84,67,10,23,57.25,78.25,38,-3.52041849451306,-3.36046744865029,-1.92181913297721,-3.15271330844706,NA,NA,0,0
"tour-de-france","2025-07-05","EF Education - EasyPost (WT)","team/ef-education-easypost-2025","SWEENY Harry","rider/harry-sweeny",430,152,42.5,57,17,127,85,30,15,430,152,42.5,57,85,17,127,30,15,-2.97025303334759,-3.74729532633807,-2.72551637033658,-3.15441838864254,NA,NA,0,0
"tour-de-france","2025-07-05","UAE Team Emirates - XRG (WT)","team/uae-team-emirates-xrg-2025","POLITT Nils","rider/nils-politt",460,156,98.14,52,5,159.25,40,205.5,10,460,156,98.14,52,40,5,159.25,205.5,10,-3.23461759273355,-4.01839065446563,-1.740915484813,-3.17100908966906,NA,NA,0,0
"tour-de-france","2025-07-05","Tudor Pro Cycling Team (PRT)","team/tudor-pro-cycling-team-2025","MAYRHOFER Marius","rider/marius-mayrhofer",488,157,145,114,73,30.25,5,59,32,488,157,145,114,5,73,32.1175,59,32,-3.94742979335638,-2.57833078724357,-2.41854768153709,-3.23092366915868,NA,NA,0,0
"tour-de-france","2025-07-05","Israel - Premier Tech (PRT)","team/israel-premier-tech-2025","NEILANDS Krists","rider/krists-neilands",443,154,112,28,28,110.75,35,16.5,5,443,154,112,28,35,28,110.75,16.5,5,-3.36243994167043,-3.73474657913278,-2.90521870455168,-3.38268768548538,NA,NA,0,0
"tour-de-france","2025-07-05","Decathlon AG2R La Mondiale Team (WT)","team/decathlon-ag2r-la-mondiale-2025","SCOTSON Callum","rider/callum-scotson",528,162,63.43,72,7,209.75,55,7,7,528,162,63.43,72,55,7,209.75,7,7,-3.20865705815362,-4.11417263884761,-3.26901897364057,-3.4923841154592,NA,NA,0,0
"tour-de-france","2025-07-05","Soudal Quick-Step (WT)","team/soudal-quick-step-2025","EENKHOORN Pascal","rider/pascal-eenkhoorn",458,155,38,50,5,68.5,40,66.25,5,458,155,38,50,40,5,68.5,66.25,5,-3.59383186660008,-4.08047380414696,-2.71817673142758,-3.56469342082964,NA,NA,0,0
"tour-de-france","2025-07-05","INEOS Grenadiers (WT)","team/ineos-grenadiers-2025","SWIFT Connor","rider/connor-swift",492,159,65,87,3,131.25,21,33.25,17,492,159,65,87,21,3,131.25,33.25,17,-3.60638865405213,-3.96638649127622,-2.87072765369161,-3.56725580514725,NA,NA,0,0
"tour-de-france","2025-07-05","Cofidis (WT)","team/cofidis-2025","TOUZÉ Damien","rider/damien-touze",570,164,83,79,21,130.75,45,36.75,22,570,164,83,79,45,21,130.75,36.75,22,-3.64839473165759,-3.94684908763219,-3.0025837111395,-3.60876883434635,NA,NA,0,0
"tour-de-france","2025-07-05","Tudor Pro Cycling Team (PRT)","team/tudor-pro-cycling-team-2025","LIENHARD Fabian","rider/fabian-lienhard",497,160,78,80,0,63.75,15,75.25,34,497,160,78,80,15,0,63.75,75.25,34,-3.88766063188364,-4.06577496939196,-2.4136946224431,-3.64630173124803,NA,NA,0,0
"tour-de-france","2025-07-05","Bahrain - Victorious (WT)","team/bahrain-victorious-2025","STANNARD Robert","rider/robert-stannard",500,161,31,35,10,92.5,65,10,10,500,161,31,35,65,10,92.5,10,10,-3.49523896083776,-4.26067498369333,-3.17286559830704,-3.66039509518829,NA,NA,0,0
"tour-de-france","2025-07-05","INEOS Grenadiers (WT)","team/ineos-grenadiers-2025","THOMAS Geraint","rider/geraint-thomas",779,178,28,27,0,597.75,42,1,0,779,178,28,27,42,0,597.75,1,0,-2.76167009341007,-5.29500624166761,-4.17399755800759,-3.80413643080684,NA,NA,0,0
"tour-de-france","2025-07-05","Team Jayco AlUla (WT)","team/team-jayco-alula-2025","REINDERS Elmar","rider/elmar-reinders",578,166,32,42,5,46.25,15,74.75,55,578,166,32,42,15,5,46.25,74.75,55,-4.24481197905929,-4.52619078395028,-2.46382735574311,-3.97302869586335,NA,NA,0,0
"tour-de-france","2025-07-05","Arkéa - B&B Hotels (WT)","team/arkea-b-b-hotels-2025","LE BERRE Mathis","rider/mathis-le-berre",552,163,11,35,5,63.75,40,8.75,0,552,163,11,35,40,5,63.75,8.75,0,-3.9370663587111,-4.50295100882376,-3.46334819333117,-4.01208812066891,NA,NA,0,0
"tour-de-france","2025-07-05","EF Education - EasyPost (WT)","team/ef-education-easypost-2025","VALGREN Michael","rider/michael-valgren-andersen",584,167,118,65,5,37.5,15,51.5,0,584,167,118,65,15,5,37.5,51.5,0,-4.20753057492245,-4.31265923397333,-3.19741199174564,-4.03704545600235,NA,NA,0,0
"tour-de-france","2025-07-05","Lidl - Trek (WT)","team/lidl-trek-2025","CONSONNI Simone","rider/simone-consonni",691,172,47.86,52,5,63.75,15,242,33,691,172,47.86,52,15,5,63.75,242,33,-4.49316729846176,-4.7706577549053,-1.99135748480409,-4.07605247266329,NA,NA,0,0
"tour-de-france","2025-07-05","Lotto (PRT)","team/lotto-2025","GRIGNARD Sébastien","rider/sebastien-grignard",572,165,15,35,5,45,30,31.25,15,572,165,15,35,30,5,45,31.25,15,-4.13525597532734,-4.56503819697344,-3.20629138118883,-4.07839772299347,NA,NA,0,0
"tour-de-france","2025-07-05","Red Bull - BORA - hansgrohe (WT)","team/red-bull-bora-hansgrohe-2025","MOSCON Gianni","rider/gianni-moscon",650,168,0.71,46,20,86.25,50,18.25,5,650,168,0.71,46,50,20,86.25,18.25,5,-4.07884517289968,-4.48717683952805,-3.63518123877673,-4.1126118860636,NA,NA,0,0
"tour-de-france","2025-07-05","Team Picnic PostNL (WT)","team/team-picnic-postnl-2025","MÄRKL Niklas","rider/niklas-markl",673,171,30,46,31,68.25,42,38.25,15,673,171,30,46,42,31,68.25,38.25,15,-4.24987747022287,-4.36568386928419,-3.44314822748571,-4.12327354139384,NA,NA,0,0
"tour-de-france","2025-07-05","Team Jayco AlUla (WT)","team/team-jayco-alula-2025","MEZGEC Luka","rider/luka-mezgec",662,170,1,16,5,77.5,35,112.25,11,662,170,1,16,35,5,77.5,112.25,11,-4.2638418430035,-4.96155148769159,-3.02450511428634,-4.2252873906665,NA,NA,0,0
"tour-de-france","2025-07-05","Alpecin - Deceuninck (WT)","team/alpecin-deceuninck-2025","VERSTRYNGE Emiel","rider/emiel-verstrynge",660,169,90,59,5,33,13,0,0,660,169,90,59,13,5,33,0,0,-4.46623843408398,-4.57977028402036,-3.74746593632421,-4.35654348951294,NA,NA,0,0
"tour-de-france","2025-07-05","Alpecin - Deceuninck (WT)","team/alpecin-deceuninck-2025","DILLIER Silvan","rider/silvan-dillier",711,173,0,20,5,91.25,50,12.5,0,711,173,0,20,50,5,91.25,12.5,0,-4.25443473717137,-5.08175929871532,-3.92331217782983,-4.43640759376625,NA,NA,0,0
"tour-de-france","2025-07-05","Groupama - FDJ (WT)","team/groupama-fdj-2025","BARTHE Cyril","rider/cyril-barthe",720,174,61,50,12,60,5,31.75,22,720,174,61,50,5,12,60,31.75,22,-4.65187234978433,-4.7468594734545,-3.50734034867582,-4.45146208666368,NA,NA,0,0
"tour-de-france","2025-07-05","Team Jayco AlUla (WT)","team/team-jayco-alula-2025","DURBRIDGE Luke","rider/luke-durbridge",754,176,105,30,5,80,40,15,0,754,176,105,30,40,5,80,15,0,-4.38440974089541,-5.03759925115577,-3.92720425053013,-4.48892549590046,NA,NA,0,0
"tour-de-france","2025-07-05","Bahrain - Victorious (WT)","team/bahrain-victorious-2025","GRADEK Kamil","rider/kamil-gradek",752,175,0,35,0,67.5,30,17.5,5,752,175,0,35,30,0,67.5,17.5,5,-4.59589576837343,-5.18132080847972,-3.94872410426067,-4.64208894758277,NA,NA,0,0
"tour-de-france","2025-07-05","Intermarché - Wanty (WT)","team/intermarche-wanty-2025","VAN SINTMAARTENSDIJK Roel","rider/roel-van-sintmaartensdijk",760,177,10,25,0,52.25,5,47.5,40,760,177,10,25,5,0,52.25,47.5,40,-4.85541154595125,-5.2722026111792,-3.37159411936057,-4.6836853802015,NA,NA,0,0
"tour-de-france","2025-07-05","Lotto (PRT)","team/lotto-2025","DE BUYST Jasper","rider/jasper-de-buyst",851,180,0,23,5,98.25,12,111,10,851,180,0,23,12,5,98.25,111,10,-4.902845338051,-5.46106736978582,-3.58828697224921,-4.80740027441109,NA,NA,0,0
"tour-de-france","2025-07-05","Lotto (PRT)","team/lotto-2025","DRIZNERS Jarrad","rider/jarrad-drizners",816,179,0,15,5,63.75,30,16.25,5,816,179,0,15.83,30,5,63.75,16.25,5,-4.79834297645006,-5.41414518095428,-4.14616156361588,-4.85264735523449,NA,NA,0,0
"tour-de-france","2025-07-05","Alpecin - Deceuninck (WT)","team/alpecin-deceuninck-2025","RICKAERT Jonas","rider/jonas-rickaert",862,181,27,30,0,35,5,84,30,853.09,181,27,30,5,0,35,84,30,-5.15511740715547,-5.48118918479876,-3.50403638245052,-4.92272273550747,NA,NA,0,0
"tour-de-france","2025-07-05","Israel - Premier Tech (PRT)","team/israel-premier-tech-2025","BOIVIN Guillaume","rider/guillaume-boivin",955,182,21,20,5,36.25,10,51.25,10,853.09,182,21,20,10,5,36.25,51.25,10,-5.13054052061921,-5.48174391703611,-3.96244140011274,-5.00228171544298,NA,NA,0,0
"tour-de-france","2025-07-05","Soudal Quick-Step (WT)","team/soudal-quick-step-2025","VAN LERBERGHE Bert","rider/bert-van-lerberghe",NA,183,16.29,20,0,48.5,10,91,20,NA,182.17,16.29,20,10,0,48.5,91,20,NA,NA,NA,NA,NA,NA,0,0
"tour-de-france","2025-07-05","Team Picnic PostNL (WT)","team/team-picnic-postnl-2025","NABERMAN Tim","rider/tim-naberman",NA,184,0,5,5,35,25,6.25,0,NA,182.17,0,15.83,25,5,35,6.25,0,NA,NA,NA,NA,NA,NA,0,0
