"event_id","event_date","team_name","team_id","rider_name","rider_id","pcs_rank","event_rank","uci_points","pcs_points_season","pcs_points_last_60d","pcs_gc_points","pcs_gc_points_season","pcs_sprint_points","pcs_sprint_points_season","pcs_rank_w","event_rank_w","uci_points_w","pcs_points_season_w","pcs_gc_points_season_w","pcs_points_last_60d_w","pcs_gc_points_w","pcs_sprint_points_w","pcs_sprint_points_season_w","gc_score","classic_score","sprinter_score","combined_score","rank","tier","fav_points"
"vuelta-a-espana","2024-08-17","UAE Team Emirates (WT)","team/uae-team-emirates-2024","ALMEIDA João","rider/joao-almeida",10,2,2046.57,1055,486,1906,790,7.5,0,10.64,2.75,1911.715,1055,790,457.5,1886.5,7.5,0,14.4553863986404,14.8217142164029,2.13585481538368,12.1013784273178,1,1,6
"vuelta-a-espana","2024-08-17","UAE Team Emirates (WT)","team/uae-team-emirates-2024","YATES Adam","rider/adam-yates",16,6,1858,1088,364,2083.75,836,54,0,16,6,1858,1074.5,836,364,1886.5,54,0,14.7255359703146,13.3030729115229,3.19305458592516,11.9923007757992,2,2,3
"vuelta-a-espana","2024-08-17","INEOS Grenadiers (WT)","team/ineos-grenadiers-2024","RODRÍGUEZ Carlos","rider/carlos-rodriguez-cano",20,8,1961.86,1070,343,1588,867,2.25,0,20,8,1911.715,1070,843.75,343,1588,2.25,0,13.6467849122712,12.961615546282,1.93708476092384,11.099294072205,3,1,6
"vuelta-a-espana","2024-08-17","Team Visma | Lease a Bike (WT)","team/team-visma-lease-a-bike-2024","VAN AERT Wout","rider/wout-van-aert",7,1,1895,1020,549,365,230,849.5,259,10.64,2.75,1895,1020,230,457.5,365,346.6875,229.5,3.97422787352055,14.5943490010386,20.1499347964165,10.3954055963552,4,1,6
"vuelta-a-espana","2024-08-17","Soudal Quick-Step (WT)","team/soudal-quick-step-2024","LANDA Mikel","rider/mikel-landa",27,11,1497,796,433,1582.25,756,0,0,27,11,1497,796,756,433,1582.25,0,0,12.4355485576992,12.3156300467673,1.39635599487784,10.1917344918554,5,2,3
"vuelta-a-espana","2024-08-17","Red Bull - BORA - hansgrohe (WT)","team/red-bull-bora-hansgrohe-2024","VLASOV Aleksandr","rider/aleksandr-vlasov",15,5,1698,985,8,1542.5,940,17,0,15,5,1698,985,843.75,8,1542.5,17,0,13.2783800217647,6.75771706466552,2.11394970721176,9.08929507172434,6,2,3
"vuelta-a-espana","2024-08-17","UAE Team Emirates (WT)","team/uae-team-emirates-2024","MCNULTY Brandon","rider/brandon-mcnulty",12,4,1865.57,1135,244,1050.75,577,34,34,12,4,1865.57,1074.5,577,244,1050.75,34,34,9.40284091201444,11.365904515484,4.15282634805308,8.94175708026302,7,2,3
"vuelta-a-espana","2024-08-17","Red Bull - BORA - hansgrohe (WT)","team/red-bull-bora-hansgrohe-2024","ROGLIČ Primož","rider/primoz-roglic",11,3,1212,690,140,1880,710,25,0,11,3,1212,690,710,140,1880,25,0,13.0378843711012,6.6688270204345,1.8206419791909,8.88371868751915,8,2,3
"vuelta-a-espana","2024-08-17","Decathlon AG2R La Mondiale Team (WT)","team/decathlon-ag2r-la-mondiale-2024","O'CONNOR Ben","rider/ben-o-connor",25,10,1791,959,53,1413.75,685,18,18,25,10,1791,959,685,53,1413.75,18,18,11.5320602749438,7.37396015920045,2.92407895073336,8.5630339753787,9,2,3
"vuelta-a-espana","2024-08-17","Movistar Team (WT)","team/movistar-team-2024","MAS Enric","rider/enric-mas",34,12,934,633,199,1376.5,685,9,0,34,12,934,633,685,199,1376.5,9,0,10.435045836064,6.87094165933374,0.996614085183058,7.47812823286872,10,2,3
"vuelta-a-espana","2024-08-17","Groupama - FDJ (WT)","team/groupama-fdj-2024","KÜNG Stefan","rider/stefan-kung",47,15,1337,600,221,446.5,120,411.75,246,47,15,1337,600,120,221,446.5,346.6875,229.5,2.63075050733771,7.41263874198317,19.3689544814477,7.41295777255335,11,2,3
"vuelta-a-espana","2024-08-17","Lidl - Trek (WT)","team/lidl-trek-2024","SKJELMOSE Mattias","rider/mattias-skjelmose-jensen",19,7,1571,861,71,1280.75,570,10,0,19,7,1571,861,570,71,1280.75,10,0,9.89285970011858,6.8883549263799,1.77753355921589,7.36844303981644,12,2,3
"vuelta-a-espana","2024-08-17","EF Education - EasyPost (WT)","team/ef-education-easypost-2024","CARAPAZ Richard","rider/richard-carapaz",23,9,1324,792,448,659.5,314,9.5,2,23,9,1324,792,314,448,659.5,9.5,2,5.11067438962076,12.3802265039044,1.55822799080665,6.58105074414304,13,2,3
"vuelta-a-espana","2024-08-17","Team Visma | Lease a Bike (WT)","team/team-visma-lease-a-bike-2024","KUSS Sepp","rider/sepp-kuss",40,14,394,341,185,1160.5,655,9.75,0,40,14,394,341,655,185,1160.5,9.75,0,8.73971289581991,4.28593654922383,0.408288937483409,5.73729520017378,14,3,1
"vuelta-a-espana","2024-08-17","Red Bull - BORA - hansgrohe (WT)","team/red-bull-bora-hansgrohe-2024","MARTÍNEZ Daniel Felipe","rider/daniel-felipe-martinez",65,20,1825,740,20,858.25,400,0,0,65,20,1825,740,400,20,858.25,0,0,6.93262271715526,5.38747368124501,1.59048147046218,5.40064975704357,15,3,1
"vuelta-a-espana","2024-08-17","INEOS Grenadiers (WT)","team/ineos-grenadiers-2024","NARVÁEZ Jhonatan","rider/jhonatan-narvaez",36,13,1590,754,95,420,260,140.25,38,36,13,1590,754,260,95,420,140.25,38,3.95915624052226,6.57329523892681,6.53617363665839,5.25880141927085,0,0,0
"vuelta-a-espana","2024-08-17","UAE Team Emirates (WT)","team/uae-team-emirates-2024","DEL TORO Isaac","rider/isaac-del-toro",55,18,1187,767,5,596.75,575,3,3,55,18,1187,767,575,5,596.75,3,3,6.66626362830512,4.6587832656733,1.14673268749731,4.96011333135401,0,0,0
"vuelta-a-espana","2024-08-17","Bahrain - Victorious (WT)","team/bahrain-victorious-2024","TIBERI Antonio","rider/antonio-tiberi",59,19,1306,636,12,650.75,468,2.25,0,59,19,1306,636,468,12,650.75,2.25,0,6.1300249809994,4.09975003753839,1.11272610225769,4.51748272221275,0,0,0
"vuelta-a-espana","2024-08-17","Lotto Dstny (PRT)","team/lotto-dstny-2024","VAN EETVELT Lennert","rider/lennert-van-eetvelt",66,21,922,610,158,473,306,53.5,50,66,21,922,610,306,158,473,53.5,50,3.6907845236273,5.90123728311153,4.03605300250715,4.42297404724854,0,0,0
"vuelta-a-espana","2024-08-17","Cofidis (WT)","team/cofidis-2024","MARTIN Guillaume","rider/guillaume-martin",72,23,680,503,196,905,322,0,0,72,23,680,503,322,196,905,0,0,5.22581184752681,5.5964358144332,0.325863623851334,4.35700939286363,0,0,0
"vuelta-a-espana","2024-08-17","INEOS Grenadiers (WT)","team/ineos-grenadiers-2024","ARENSMAN Thymen","rider/thymen-arensman",103,27,1063,510,11,968.75,386,0,0,103,27,1063,510,386,11,968.75,0,0,6.30382185440326,2.91257756652261,0.640308692418776,4.15374593564217,0,0,0
"vuelta-a-espana","2024-08-17","Lidl - Trek (WT)","team/lidl-trek-2024","CICCONE Giulio","rider/giulio-ciccone",110,30,698,460,282,715.5,289,2,0,110,30,698,460,289,282,715.5,2,0,4.10012929457844,6.6350563402233,0.258326594099541,4.09224686817612,0,0,0
"vuelta-a-espana","2024-08-17","Alpecin - Deceuninck (WT)","team/alpecin-deceuninck-2024","GROVES Kaden","rider/kaden-groves",48,16,801,317,0,110,45,317.75,224,48,16,801,317,45,0,110,317.75,224,0.124541296236362,1.50276932651731,17.8355232353159,4.08020609313655,0,0,0
"vuelta-a-espana","2024-08-17","Movistar Team (WT)","team/movistar-team-2024","RUBIO Einer","rider/einer-rubio",92,25,711,401,7,899,459,18,18,92,25,711,401,459,7,899,18,18,6.27901121202615,1.85771958205801,1.50407005858773,3.99763549234802,0,0,0
"vuelta-a-espana","2024-08-17","Decathlon AG2R La Mondiale Team (WT)","team/decathlon-ag2r-la-mondiale-2024","GALL Felix","rider/felix-gall",109,29,699.14,493,206,765,313,0,0,109,29,699.14,493,313,206,765,0,0,4.49973431322011,5.59647273118008,0.221426849773954,3.97309434591887,0,0,0
"vuelta-a-espana","2024-08-17","Cofidis (WT)","team/cofidis-2024","COQUARD Bryan","rider/bryan-coquard",98,26,665.71,380,119,143.25,45,325,146,98,26,665.71,380,45,119,143.25,325,146,-0.076766383203259,3.50368939289615,14.4214220033194,3.8970080269311,0,0,0
"vuelta-a-espana","2024-08-17","Israel - Premier Tech (PRT)","team/israel-premier-tech-2024","STRONG Corbin","rider/corbin-strong",50,17,900,553,179,197.75,115,118.5,56,50,17,900,553,115,179,197.75,118.5,56,1.12275476953289,5.94944209085667,5.94729282774723,3.53566857757289,0,0,0
"vuelta-a-espana","2024-08-17","Team Visma | Lease a Bike (WT)","team/team-visma-lease-a-bike-2024","VALTER Attila","rider/attila-valter",104,28,918,436,192,453,259,10,10,104,28,918,436,259,192,453,10,10,3.09453458575125,5.27763123931203,1.14075149061005,3.35870696279125,0,0,0
"vuelta-a-espana","2024-08-17","INEOS Grenadiers (WT)","team/ineos-grenadiers-2024","DE PLUS Laurens","rider/laurens-de-plus",124,37,594.86,461,192,499.25,361,0,0,124,37,594.86,461,361,192,499.25,0,0,3.62512351545633,4.9581774235486,0.00475898832199451,3.30096678245714,0,0,0
"vuelta-a-espana","2024-08-17","Lidl - Trek (WT)","team/lidl-trek-2024","VACEK Mathias","rider/mathias-vacek",135,40,685,444,157,312.5,231,72.25,39,135,40,685,444,231,157,312.5,72.25,39,1.89659987270817,4.32842148544757,3.47941765358582,2.94270991270552,0,0,0
"vuelta-a-espana","2024-08-17","Red Bull - BORA - hansgrohe (WT)","team/red-bull-bora-hansgrohe-2024","LIPOWITZ Florian","rider/florian-lipowitz",156,44,724,397,157,398.25,301,14,14,156,44,724,397,301,157,398.25,14,14,2.75956512730368,4.01200107413413,0.950510236571148,2.77348493320631,0,0,0
"vuelta-a-espana","2024-08-17","Arkéa - B&B Hotels (WT)","team/arkea-b-b-hotels-2024","RODRÍGUEZ Cristián","rider/cristian-rodriguez",111,31,391,310,65,618.25,393,1,1,111,31,391,310,393,65,618.25,1,1,4.21325382861395,1.83161801410448,-0.064138094837664,2.64328469957079,0,0,0
"vuelta-a-espana","2024-08-17","INEOS Grenadiers (WT)","team/ineos-grenadiers-2024","TARLING Joshua","rider/joshua-tarling",77,24,567.86,345,175,223.75,20,102,75,77,24,567.86,345,20,175,223.75,102,75,-0.00878653962335318,4.16703409020009,5.86026025204712,2.41776900765777,0,0,0
"vuelta-a-espana","2024-08-17","Team Jayco AlUla (WT)","team/team-jayco-alula-2024","SCHMID Mauro","rider/mauro-schmid",195,52,396,249,237,585.75,185,2,0,195,52,396,249,185,237,585.75,2,0,2.06661455591687,3.94239453359141,-0.43174152924616,2.12967733218663,0,0,0
"vuelta-a-espana","2024-08-17","Movistar Team (WT)","team/movistar-team-2024","LAZKANO Oier","rider/oier-lazkano",129,38,637,398,92,311.5,125,127.5,5,129,38,637,398,125,92,311.5,127.5,5,1.02148848703849,2.96395850443113,3.40993429146369,2.08191865314132,0,0,0
"vuelta-a-espana","2024-08-17","UAE Team Emirates (WT)","team/uae-team-emirates-2024","SOLER Marc","rider/marc-soler",123,36,361.57,270,25,566.5,312,0,0,123,36,361.57,270,312,25,566.5,0,0,3.25849495400223,0.832903217139439,-0.232752148905788,1.83256801236179,0,0,0
"vuelta-a-espana","2024-08-17","Decathlon AG2R La Mondiale Team (WT)","team/decathlon-ag2r-la-mondiale-2024","PARET-PEINTRE Valentin","rider/valentin-paret-peintre",134,39,701,438,0,332.25,281,6,4,134,39,701,438,281,0,332.25,6,4,2.40387172384057,1.74112745944878,0.397108182950884,1.8036957363451,0,0,0
"vuelta-a-espana","2024-08-17","Team Jayco AlUla (WT)","team/team-jayco-alula-2024","ZANA Filippo","rider/filippo-zana",114,33,427,335,5,570.25,250,10.5,0,114,33,427,335,250,5,570.25,10.5,0,2.89126130312866,1.00870992372119,0.143663944615642,1.77697641760382,0,0,0
"vuelta-a-espana","2024-08-17","Astana Qazaqstan Team (WT)","team/astana-qazaqstan-team-2024","FORTUNATO Lorenzo","rider/lorenzo-fortunato",186,50,396,321,28,623,260,0,0,186,50,396,321,260,28,623,0,0,2.85009686980678,0.974472360194512,-0.445778831954089,1.62823437657093,0,0,0
"vuelta-a-espana","2024-08-17","UAE Team Emirates (WT)","team/uae-team-emirates-2024","SIVAKOV Pavel","rider/pavel-sivakov",69,22,198,196,56,602.5,223,0,0,69,22,198,196,223,56,602.5,0,0,2.74496358257867,0.958452774018626,-0.173665294492669,1.62528456459639,0,0,0
"vuelta-a-espana","2024-08-17","Israel - Premier Tech (PRT)","team/israel-premier-tech-2024","SHEEHAN Riley","rider/riley-sheehan",112,32,509,297,0,34.75,16,140,140,112,32,509,297,16,0,34.75,140,140,-0.986436442587476,0.800017052461184,9.31995217227789,1.61077732890019,0,0,0
"vuelta-a-espana","2024-08-17","Israel - Premier Tech (PRT)","team/israel-premier-tech-2024","TEUNS Dylan","rider/dylan-teuns",122,35,547,304,40,480,196,3.75,0,122,35,547,304,196,40,480,3.75,0,2.19814581477433,1.49255066106026,0.0700905485087521,1.56085621540699,0,0,0
"vuelta-a-espana","2024-08-17","Team dsm-firmenich PostNL (WT)","team/team-dsm-firmenich-postnl-2024","POOLE Max","rider/max-poole",206,58,265,231,118,542.75,230,32.5,0,206,58,265,231,230,118,542.75,32.5,0,2.04039208952284,1.66062441244923,0.108091278214018,1.54000162413899,0,0,0
"vuelta-a-espana","2024-08-17","Team Visma | Lease a Bike (WT)","team/team-visma-lease-a-bike-2024","UIJTDEBROEKS Cian","rider/cian-uijtdebroeks",158,45,327,179,0,676,303,0,0,158,45,327,179,303,0,676,0,0,3.42835502216333,-0.310372121272808,-0.420446382714673,1.53697659815689,0,0,0
"vuelta-a-espana","2024-08-17","INEOS Grenadiers (WT)","team/ineos-grenadiers-2024","RIVERA Brandon Smith","rider/brandon-smith-rivera-vargas",216,59,345,306,151,331.5,242,3,3,216,59,345,306,242,151,331.5,3,3,1.36535396005107,2.70967804508779,-0.442041725795049,1.40717204839286,0,0,0
"vuelta-a-espana","2024-08-17","Red Bull - BORA - hansgrohe (WT)","team/red-bull-bora-hansgrohe-2024","ALEOTTI Giovanni","rider/giovanni-aleotti",153,43,381,300,13,442.5,284,0,0,153,43,381,300,284,13,442.5,0,0,2.44576672437504,0.713811147754482,-0.334227028920341,1.37018130072979,0,0,0
"vuelta-a-espana","2024-08-17","Israel - Premier Tech (PRT)","team/israel-premier-tech-2024","BENNETT George","rider/george-bennett",217,60,372,279,91,459,247,4.75,4,217,60,372,279,247,91,459,4.75,4,1.92307802611914,1.57926502962076,-0.339480797715676,1.36742236240266,0,0,0
"vuelta-a-espana","2024-08-17","EF Education - EasyPost (WT)","team/ef-education-easypost-2024","CEPEDA Jefferson Alexander","rider/jefferson-alexander-cepeda",219,62,223,177,135,402.5,260,0,0,219,62,223,177,260,135,402.5,0,0,1.62329711448581,1.50943324394956,-0.807197780802327,1.10303897426731,0,0,0
"vuelta-a-espana","2024-08-17","Alpecin - Deceuninck (WT)","team/alpecin-deceuninck-2024","HERMANS Quinten","rider/quinten-hermans",185,49,461,261,0,182.5,70,161.25,45,185,49,461,261,70,0,182.5,161.25,45,-0.321754713441597,0.236176517777179,5.52630120927185,1.01523584046673,0,0,0
"vuelta-a-espana","2024-08-17","Groupama - FDJ (WT)","team/groupama-fdj-2024","GAUDU David","rider/david-gaudu",225,66,361,271,26,781.75,113,0,0,225,66,361,271,113,26,781.75,0,0,2.02994461062536,0.378255345464677,-0.709819749620608,0.986484959027961,0,0,0
"vuelta-a-espana","2024-08-17","Bahrain - Victorious (WT)","team/bahrain-victorious-2024","CARUSO Damiano","rider/damiano-caruso",224,65,189,144,0,867,194,0,0,224,65,189,144,194,0,867,0,0,2.84218960660943,-0.981325119213999,-0.881883081397282,0.950320651261061,0,0,0
"vuelta-a-espana","2024-08-17","Intermarché - Wanty (WT)","team/intermarche-wanty-2024","MEINTJES Louis","rider/louis-meintjes",285,79,166,233,105,673.5,178,0,0,285,79,166,233,178,105,673.5,0,0,1.68364297856469,1.00617918384462,-1.15267144788375,0.913140954858982,0,0,0
"vuelta-a-espana","2024-08-17","Soudal Quick-Step (WT)","team/soudal-quick-step-2024","VANSEVENANT Mauri","rider/mauri-vansevenant",189,51,735,319,10,371.75,108,0,0,189,51,735,319,108,10,371.75,0,0,0.991608464575972,1.0135241678083,-0.0989507812803181,0.780071326374411,0,0,0
"vuelta-a-espana","2024-08-17","Israel - Premier Tech (PRT)","team/israel-premier-tech-2024","RICCITELLO Matthew","rider/matthew-riccitello",222,64,421,282,33,322.75,218,0,0,222,64,421,282,218,33,322.75,0,0,1.15984912323667,0.64820028544334,-0.620757632837622,0.650233120683811,0,0,0
"vuelta-a-espana","2024-08-17","Lidl - Trek (WT)","team/lidl-trek-2024","VERONA Carlos","rider/carlos-verona",290,81,162,223,80,459,231,10.5,7,290,81,162,223,231,80,459,10.5,7,1.23411687869316,0.502651215503878,-0.631666590854685,0.641520485826808,0,0,0
"vuelta-a-espana","2024-08-17","Groupama - FDJ (WT)","team/groupama-fdj-2024","ROCHAS Rémy","rider/remy-rochas",176,46,107,94,28,360.75,281,0,0,176,46,107,94,281,28,360.75,0,0,1.73781917747831,-0.635883566884299,-0.697271903841523,0.538690137905561,0,0,0
"vuelta-a-espana","2024-08-17","Groupama - FDJ (WT)","team/groupama-fdj-2024","PACHER Quentin","rider/quentin-pacher",200,54,530,287,83,180.5,104,13.5,0,200,54,530,287,104,83,180.5,13.5,0,-0.0590409798725697,1.75363705182661,-0.0313062281189136,0.490309379987916,0,0,0
"vuelta-a-espana","2024-08-17","Movistar Team (WT)","team/movistar-team-2024","SÁNCHEZ Pelayo","rider/pelayo-sanchez-mayo",151,42,610,340,0,160.5,123,0,0,151,42,610,340,123,0,160.5,0,0,0.305497215822976,0.997544142964295,-0.076305095067049,0.436750831787367,0,0,0
"vuelta-a-espana","2024-08-17","Intermarché - Wanty (WT)","team/intermarche-wanty-2024","MARIT Arne","rider/arne-marit",277,75,86,87,0,47,22,231.75,122,277,75,86,87,22,0,47,231.75,122,-2.05835546019697,-1.62520489159419,9.67992710146565,0.419246222716389,0,0,0
"vuelta-a-espana","2024-08-17","Equipo Kern Pharma (PRT)","team/equipo-kern-pharma-2024","CASTRILLO Pablo","rider/pablo-castrillo-zapater",241,69,227,176,75,265.75,256,0,0,241,69,227,176,256,75,265.75,0,0,0.950823858051968,0.413739562004922,-0.910892339093637,0.417355329808733,0,0,0
"vuelta-a-espana","2024-08-17","Team Jayco AlUla (WT)","team/team-jayco-alula-2024","HARPER Chris","rider/chris-harper",205,57,381.71,250,0,375.25,174,0.5,0,205,57,381.71,250,174,0,375.25,0.5,0,1.07005031085836,-0.0285647119979213,-0.551227270776819,0.416210287674442,0,0,0
"vuelta-a-espana","2024-08-17","Bahrain - Victorious (WT)","team/bahrain-victorious-2024","HAIG Jack","rider/jack-haig",361,91,182.29,168,50,764.25,161,0,0,361,91,182.29,168,161,50,764.25,0,0,1.66751967398842,-0.522687290523294,-1.38859102526027,0.399235444785169,0,0,0
"vuelta-a-espana","2024-08-17","Lotto Dstny (PRT)","team/lotto-dstny-2024","MONIQUET Sylvain","rider/sylvain-moniquet",201,55,201,145,66,383.25,171,0,0,201,55,201,145,171,66,383.25,0,0,0.9111880455474,0.261305536606671,-0.729852843597394,0.388015115036223,0,0,0
"vuelta-a-espana","2024-08-17","EF Education - EasyPost (WT)","team/ef-education-easypost-2024","COSTA Rui","rider/rui-costa",118,34,253,134,71,305.75,50,17,15,118,34,253,134,50,71,305.75,17,15,0.0461610535288201,0.687346888693727,0.729916948167544,0.375267983006037,0,0,0
"vuelta-a-espana","2024-08-17","Lotto Dstny (PRT)","team/lotto-dstny-2024","CAMPENAERTS Victor","rider/victor-campenaerts",196,53,396,207,163,177.5,30,7.5,5,196,53,396,207,30,163,177.5,7.5,5,-0.790537787147963,2.46328749922742,-0.0974737992818938,0.324222596337866,0,0,0
"vuelta-a-espana","2024-08-17","Movistar Team (WT)","team/movistar-team-2024","OLIVEIRA Nelson","rider/nelson-oliveira",180,47,261,176,151,147.25,65,10,10,180,47,261,176,65,151,147.25,10,10,-0.685216477789936,2.02380556981376,0.117108127115024,0.287955057472164,0,0,0
"vuelta-a-espana","2024-08-17","Lidl - Trek (WT)","team/lidl-trek-2024","KONRAD Patrick","rider/patrick-konrad",326,86,308,196,108,318,116,71.5,0,326,86,308,196,116,108,318,71.5,0,-0.199083225001305,0.843797758984979,0.634693945018761,0.280536504198594,0,0,0
"vuelta-a-espana","2024-08-17","Movistar Team (WT)","team/movistar-team-2024","CANAL Carlos","rider/carlos-canal",250,70,301,239,65,166,127,53.25,18,250,70,301,239,127,65,166,53.25,18,-0.422260833955882,0.679691529063588,1.21900623831546,0.236578289404227,0,0,0
"vuelta-a-espana","2024-08-17","Astana Qazaqstan Team (WT)","team/astana-qazaqstan-team-2024","TEJADA Harold","rider/harold-tejada",266,74,268.43,211,75,339.25,157,0,0,266,74,268.43,211,157,75,339.25,0,0,0.39573885663065,0.573829511508686,-0.960318688848455,0.17795454399824,0,0,0
"vuelta-a-espana","2024-08-17","Red Bull - BORA - hansgrohe (WT)","team/red-bull-bora-hansgrohe-2024","ADRIÀ Roger","rider/roger-adria",220,63,411,263,26,179.25,121,11.5,8,220,63,411,263,121,26,179.25,11.5,8,-0.178702729571399,0.422136617996398,0.00247168049765339,0.0377839567127507,0,0,0
"vuelta-a-espana","2024-08-17","Soudal Quick-Step (WT)","team/soudal-quick-step-2024","ASGREEN Kasper","rider/kasper-asgreen",355,89,280,154,18,234,99,126.25,40,355,89,280,154,99,18,234,126.25,40,-0.776165426962564,-0.997690683908305,3.55788041915337,0.0241861651769002,0,0,0
"vuelta-a-espana","2024-08-17","Cofidis (WT)","team/cofidis-2024","IZAGIRRE Ion","rider/ion-izagirre",227,67,285.71,184,5,505.5,89,1.5,0,227,67,285.71,184,89,5,505.5,1.5,0,0.659467512716004,-0.581431361659774,-0.766312824825086,0.0020417828950523,0,0,0
"vuelta-a-espana","2024-08-17","Decathlon AG2R La Mondiale Team (WT)","team/decathlon-ag2r-la-mondiale-2024","ARMIRAIL Bruno","rider/bruno-armirail",253,71,236.14,130,60,316.75,163,0,0,253,71,236.14,130,163,60,316.75,0,0,0.373718481791439,-0.139398933031193,-0.942163319185557,-0.0433931028507495,0,0,0
"vuelta-a-espana","2024-08-17","Team dsm-firmenich PostNL (WT)","team/team-dsm-firmenich-postnl-2024","BITTNER Pavel","rider/pavel-bittner",284,78,235,205,72,22.5,15,85.75,75,284,78,235,205,15,72,22.5,85.75,75,-2.09349387572991,0.38154470838503,4.20150098290848,-0.0919833287677474,0,0,0
"vuelta-a-espana","2024-08-17","Israel - Premier Tech (PRT)","team/israel-premier-tech-2024","WOODS Michael","rider/michael-woods",218,61,310,151,80,371.25,19,0.75,0,218,61,310,151,19,80,371.25,0.75,0,-0.327998966611413,0.554454137338499,-0.684045287857429,-0.134472299675643,0,0,0
"vuelta-a-espana","2024-08-17","Intermarché - Wanty (WT)","team/intermarche-wanty-2024","ROTA Lorenzo","rider/lorenzo-rota",204,56,368,202,27,303,23,4,4,204,56,368,202,23,27,303,4,4,-0.427771277396752,0.124769256186095,-0.299939294600401,-0.236442720762628,0,0,0
"vuelta-a-espana","2024-08-17","Soudal Quick-Step (WT)","team/soudal-quick-step-2024","LECERF Junior","rider/junior-lecerf",260,73,225,211,5,200.5,147,13.5,12,260,73,225,211,147,5,200.5,13.5,12,-0.254878223735055,-0.602379626562114,-0.148626924690424,-0.337878384774246,0,0,0
"vuelta-a-espana","2024-08-17","Lotto Dstny (PRT)","team/lotto-dstny-2024","SEPÚLVEDA Eduardo","rider/eduardo-sepulveda",236,68,130,129,33,360.5,108,2.5,0,236,68,130,129,108,33,360.5,2.5,0,0.0506678935304633,-0.642666888840915,-0.933586864568188,-0.354183492800681,0,0,0
"vuelta-a-espana","2024-08-17","Astana Qazaqstan Team (WT)","team/astana-qazaqstan-team-2024","LÓPEZ Harold Martín","rider/harold-martin-lopez",312,85,152,163,0,248.5,241,5,0,312,85,152,163,241,0,248.5,5,0,0.399020240612899,-1.26037966718293,-1.15037023737424,-0.408677827323279,0,0,0
"vuelta-a-espana","2024-08-17","Lotto Dstny (PRT)","team/lotto-dstny-2024","KRON Andreas","rider/andreas-kron",144,41,88,59,34,140.5,30,32,32,144,41,88,59,30,34,140.5,32,32,-1.05409979031443,-0.66094567791504,1.52261038859234,-0.420811520813259,0,0,0
"vuelta-a-espana","2024-08-17","Euskaltel - Euskadi (PRT)","team/euskaltel-euskadi-2024","BOU Joan","rider/joan-bou",289,80,197,143,32,247.75,171,0,0,289,80,197,143,171,32,247.75,0,0,-0.027266116106368,-0.716074354778311,-1.13651970694252,-0.455759305875181,0,0,0
"vuelta-a-espana","2024-08-17","Decathlon AG2R La Mondiale Team (WT)","team/decathlon-ag2r-la-mondiale-2024","BERTHET Clément","rider/clement-berthet",259,72,345,226,26,253.25,43,0,0,259,72,345,226,43,26,253.25,0,0,-0.742334520898546,-0.0277369636172566,-0.846433959655793,-0.548775141465609,0,0,0
"vuelta-a-espana","2024-08-17","Lidl - Trek (WT)","team/lidl-trek-2024","GEOGHEGAN HART Tao","rider/tao-geoghegan-hart",449,104,163,131,0,643,123,0,0,449,104,163,131,123,0,643,0,0,0.581723451301164,-1.8709749746499,-1.69371259710857,-0.609173286166103,0,0,0
"vuelta-a-espana","2024-08-17","UAE Team Emirates (WT)","team/uae-team-emirates-2024","VINE Jay","rider/jay-vine",380,92,125.57,158,32,388.5,66,20,20,380,92,125.57,158,66,32,388.5,20,20,-0.673444198367496,-0.982604000667423,-0.159073678405462,-0.663318035065067,0,0,0
"vuelta-a-espana","2024-08-17","Intermarché - Wanty (WT)","team/intermarche-wanty-2024","BRAET Vito","rider/vito-braet",281,77,337,214,0,20,17,84.25,30,281,77,337,214,17,0,20,84.25,30,-1.96317403186248,-0.623706593052638,2.40606261315547,-0.687486471215936,0,0,0
"vuelta-a-espana","2024-08-17","Euskaltel - Euskadi (PRT)","team/euskaltel-euskadi-2024","ABERASTURI Jon","rider/jon-aberasturi",433,99,119,121,33,34.5,17,146,64,433,99,119,121,17,33,34.5,146,64,-2.62603954077335,-1.35788684883576,4.64358791668727,-0.791668241699952,0,0,0
"vuelta-a-espana","2024-08-17","INEOS Grenadiers (WT)","team/ineos-grenadiers-2024","RODRÍGUEZ Óscar","rider/oscar-rodriguez",357,90,152,159,31,221.25,154,3.75,0,357,90,152,159,154,31,221.25,3.75,0,-0.535097547208982,-0.904193918290296,-1.31075599236221,-0.800958147564022,0,0,0
"vuelta-a-espana","2024-08-17","Team Jayco AlUla (WT)","team/team-jayco-alula-2024","ENGELHARDT Felix","rider/felix-engelhardt",293,82,90,95,85,152.25,75,13,13,293,82,90,95,75,85,152.25,13,13,-1.31315559194287,-0.273465540577157,-0.410602910833515,-0.820738040311285,0,0,0
"vuelta-a-espana","2024-08-17","Equipo Kern Pharma (PRT)","team/equipo-kern-pharma-2024","BERRADE Urko","rider/urko-berrade-fernandez",435,101,150,117,85,213,154,4.5,0,435,101,150,117,154,85,213,4.5,0,-0.816667634265793,-0.517393721710886,-1.54130216424114,-0.871812366494391,0,0,0
"vuelta-a-espana","2024-08-17","Groupama - FDJ (WT)","team/groupama-fdj-2024","GENIETS Kevin","rider/kevin-geniets",330,87,315,179,40,200.5,59,6.25,0,330,87,315,179,59,40,200.5,6.25,0,-1.12692355340401,-0.384925013529072,-0.996960222933755,-0.878331325347478,0,0,0
"vuelta-a-espana","2024-08-17","Cofidis (WT)","team/cofidis-2024","HERRADA Jesús","rider/jesus-herrada-lopez",296,83,125,77,7,312,71,7,7,296,83,125,77,71,7,312,7,7,-0.69607641392379,-1.64082837987763,-0.788528195970945,-0.997992360119373,0,0,0
"vuelta-a-espana","2024-08-17","Team Jayco AlUla (WT)","team/team-jayco-alula-2024","SCOTSON Callum","rider/callum-scotson",398,94,164,152,28,226.75,128,0,0,398,94,164,152,128,28,226.75,0,0,-0.821612817992509,-1.09494207423295,-1.50352884996154,-1.03999480125845,0,0,0
"vuelta-a-espana","2024-08-17","EF Education - EasyPost (WT)","team/ef-education-easypost-2024","DOULL Owain","rider/owain-doull",299,84,142.29,97,2,64,39,63.75,37,299,84,142.29,97,39,2,64,63.75,37,-1.92277562350918,-1.59997871366234,1.8804489191406,-1.06529164202517,0,0,0
"vuelta-a-espana","2024-08-17","Soudal Quick-Step (WT)","team/soudal-quick-step-2024","CATTANEO Mattia","rider/mattia-cattaneo",184,48,26.57,25,0,207.5,28,0,0,184,48,26.57,25,28,0,207.5,0,0,-1.01283403161948,-1.62885807713098,-0.817060621835086,-1.15848656331605,0,0,0
"vuelta-a-espana","2024-08-17","UAE Team Emirates (WT)","team/uae-team-emirates-2024","BARONCINI Filippo","rider/filippo-baroncini",424,98,157,109,34,131.75,50,65,20,424,98,157,109,50,34,131.75,65,20,-1.91322325094285,-1.34684769615487,0.855881651252002,-1.18948960406748,0,0,0
"vuelta-a-espana","2024-08-17","Team dsm-firmenich PostNL (WT)","team/team-dsm-firmenich-postnl-2024","HAMILTON Chris","rider/chris-hamilton",280,76,196,127,5,149.75,60,0,0,280,76,196,127,60,5,149.75,0,0,-1.24799336049824,-1.20129685238101,-1.08225750023062,-1.20083723600954,0,0,0
"vuelta-a-espana","2024-08-17","Bahrain - Victorious (WT)","team/bahrain-victorious-2024","TRÆEN Torstein","rider/torstein-traeen",402,95,92,114,19,372.75,66,0,0,402,95,92,114,66,19,372.75,0,0,-0.839779507873963,-1.56415445228991,-1.59736444727229,-1.20860897907841,0,0,0
"vuelta-a-espana","2024-08-17","Team Visma | Lease a Bike (WT)","team/team-visma-lease-a-bike-2024","AFFINI Edoardo","rider/edoardo-affini",415,96,142.14,108,50,63.75,30,69.75,24,415,96,142.14,108,30,50,63.75,69.75,24,-2.32070957647074,-1.07008054540483,1.1610975935611,-1.2491594331446,0,0,0
"vuelta-a-espana","2024-08-17","Equipo Kern Pharma (PRT)","team/equipo-kern-pharma-2024","MIQUEL Pau","rider/pau-miquel-delgado",338,88,300,189,45,24.5,13,14.25,12,338,88,300,189,13,45,24.5,14.25,12,-2.22674024643189,-0.282992819172617,-0.336240398478214,-1.26551604866337,0,0,0
"vuelta-a-espana","2024-08-17","Red Bull - BORA - hansgrohe (WT)","team/red-bull-bora-hansgrohe-2024","DENZ Nico","rider/nico-denz",448,103,41,66,25,108.5,61,57.5,49,448,103,41,66,61,25,108.5,57.5,49,-2.13198944134006,-1.9679093667458,1.66666667915532,-1.32303419486271,0,0,0
"vuelta-a-espana","2024-08-17","Movistar Team (WT)","team/movistar-team-2024","QUINTANA Nairo","rider/nairo-quintana",465,105,208,127,0,358,75,0,0,465,105,208,127,75,0,358,0,0,-0.912107436121839,-1.88520381687205,-1.68399671941545,-1.35841420700563,0,0,0
"vuelta-a-espana","2024-08-17","Cofidis (WT)","team/cofidis-2024","FERNÁNDEZ Rubén","rider/ruben-fernandez-andujar",381,93,75,77,12,206.75,115,0,0,381,93,75,77,115,12,206.75,0,0,-1.05930227707456,-1.86176098446522,-1.55844747680269,-1.39986892923738,0,0,0
"vuelta-a-espana","2024-08-17","EF Education - EasyPost (WT)","team/ef-education-easypost-2024","URÁN Rigoberto","rider/rigoberto-uran",511,112,99.29,82,0,480.25,83,0,0,511,112,99.29,82,83,0,480.25,0,0,-0.634972055792044,-2.42140371881737,-1.95081852231402,-1.43407084800404,0,0,0
"vuelta-a-espana","2024-08-17","Team Jayco AlUla (WT)","team/team-jayco-alula-2024","DUNBAR Eddie","rider/edward-irl-dunbar",417,97,73,25,19,401.25,19,0.75,0,417,97,73,25,19,19,401.25,0.75,0,-1.17159986672725,-2.16359081807838,-1.64538507320765,-1.56395419342867,0,0,0
"vuelta-a-espana","2024-08-17","Team Visma | Lease a Bike (WT)","team/team-visma-lease-a-bike-2024","VAN BAARLE Dylan","rider/dylan-van-baarle",486,108,20,40,20,112.5,25,140,0,486,108,20,40,25,20,112.5,140,0,-2.54432066240178,-2.34497701405213,1.5288914848423,-1.66987513844807,0,0,0
"vuelta-a-espana","2024-08-17","Alpecin - Deceuninck (WT)","team/alpecin-deceuninck-2024","VERGALLITO Luca","rider/luca-vergallito",470,106,119,119,0,152.25,105,0,0,470,106,119,119,105,0,152.25,0,0,-1.59272884076148,-2.04686423722814,-1.797767699941,-1.76997723153738,0,0,0
"vuelta-a-espana","2024-08-17","EF Education - EasyPost (WT)","team/ef-education-easypost-2024","RAFFERTY Darren","rider/darren-rafferty",447,102,254,122,31,77.25,45,1,0,447,102,254,122,45,31,77.25,1,0,-2.14392217638174,-1.29502760469067,-1.54846866592059,-1.77016310278219,0,0,0
"vuelta-a-espana","2024-08-17","Astana Qazaqstan Team (WT)","team/astana-qazaqstan-team-2024","BRUSSENSKIY Gleb","rider/gleb-brussenskiy",661,130,185,57,12,8.75,5,157.5,45,661,130,185,57,5,12,8.9375,157.5,45,-3.46297282702166,-2.72646000337359,3.49441420637266,-1.85054157324837,0,0,0
"vuelta-a-espana","2024-08-17","Alpecin - Deceuninck (WT)","team/alpecin-deceuninck-2024","BALLERSTEDT Maurice","rider/maurice-ballerstedt",479,107,93,89,0,51.25,35,47.75,28,479,107,93,89,35,0,51.25,47.75,28,-2.60424035220018,-2.28007534113262,0.506886325049273,-1.88476551343002,0,0,0
"vuelta-a-espana","2024-08-17","Euskaltel - Euskadi (PRT)","team/euskaltel-euskadi-2024","BIZKARRA Mikel","rider/mikel-bizkarra",578,121,89,79,33,260.25,88,0,0,578,121,89,79,88,33,260.25,0,0,-1.67707891556181,-2.11585052397018,-2.16961390655136,-1.90721739628223,0,0,0
"vuelta-a-espana","2024-08-17","Bahrain - Victorious (WT)","team/bahrain-victorious-2024","KEPPLINGER Rainer","rider/rainer-kepplinger",503,110,60,87,0,180.75,107,0,0,503,110,60,87,107,0,180.75,0,0,-1.62593779124252,-2.39952569447854,-1.95887139786927,-1.92460088353868,0,0,0
"vuelta-a-espana","2024-08-17","Arkéa - B&B Hotels (WT)","team/arkea-b-b-hotels-2024","RIES Michel","rider/michel-ries",525,114,127,84,19,121.25,87,0,0,525,114,127,84,87,19,121.25,0,0,-2.02683392663132,-2.11219941717972,-1.9658240127976,-2.0402415910291,0,0,0
"vuelta-a-espana","2024-08-17","Soudal Quick-Step (WT)","team/soudal-quick-step-2024","VERVAEKE Louis","rider/louis-vervaeke",434,100,76.57,69,0,118.25,53,0,0,434,100,76.57,69,53,0,118.25,0,0,-2.06549452400413,-2.26838854780741,-1.71998301157944,-2.05726042866017,0,0,0
"vuelta-a-espana","2024-08-17","Arkéa - B&B Hotels (WT)","team/arkea-b-b-hotels-2024","GUERNALEC Thibault","rider/thibault-guernalec",509,111,45,59,2,191.75,83,0,0,509,111,45,59,83,2,191.75,0,0,-1.81181362866514,-2.57080472007676,-1.99540448218311,-2.07622912679222,0,0,0
"vuelta-a-espana","2024-08-17","Equipo Kern Pharma (PRT)","team/equipo-kern-pharma-2024","PARRA José Félix","rider/jose-felix-parra",534,116,161,94,12,139,61,0,0,534,116,161,94,61,12,139,0,0,-2.16510635895929,-2.16675058274261,-1.96520213471996,-2.12561878124642,0,0,0
"vuelta-a-espana","2024-08-17","Astana Qazaqstan Team (WT)","team/astana-qazaqstan-team-2024","VINOKUROV Nicolas","rider/nicolas-vinokurov",543,118,182,71,2,47,47,25,25,543,118,182,71,47,2,47,25,25,-2.65173193798328,-2.48202823185109,-0.311251686067723,-2.13272477576051,0,0,0
"vuelta-a-espana","2024-08-17","Intermarché - Wanty (WT)","team/intermarche-wanty-2024","GOOSSENS Kobe","rider/kobe-goossens",530,115,120,101,25,124.5,30,0,0,530,115,120,101,30,25,124.5,0,0,-2.49750711047405,-1.93804130839054,-1.99203225801575,-2.22857239935734,0,0,0
"vuelta-a-espana","2024-08-17","Soudal Quick-Step (WT)","team/soudal-quick-step-2024","PEDERSEN Casper","rider/casper-pedersen",524,113,98.57,71,0,119.5,30,18,5,524,113,98.57,71,30,0,119.5,18,5,-2.5096758091072,-2.52101098538017,-1.32794320545007,-2.27672984125767,0,0,0
"vuelta-a-espana","2024-08-17","Red Bull - BORA - hansgrohe (WT)","team/red-bull-bora-hansgrohe-2024","GAMPER Patrick","rider/patrick-gamper",494,109,48,65,7,68.5,35,19.75,5,494,109,48,65,35,7,68.5,19.75,5,-2.63097063498605,-2.40313895899116,-1.24568225856054,-2.28556345690248,0,0,0
"vuelta-a-espana","2024-08-17","Euskaltel - Euskadi (PRT)","team/euskaltel-euskadi-2024","JUARISTI Txomin","rider/txomin-juaristi",680,134,36,33,28,192,139,0,0,680,134,36,33,139,28,192,0,0,-1.90191157810285,-2.83945081203606,-2.53568217028547,-2.30992746671934,0,0,0
"vuelta-a-espana","2024-08-17","Cofidis (WT)","team/cofidis-2024","LASTRA Jonathan","rider/jonathan-lastra",580,122,79,83,8,185.5,57,0,0,580,122,79,83,57,8,185.5,0,0,-2.2431738319149,-2.52680989087435,-2.19367926683975,-2.31836573658771,0,0,0
"vuelta-a-espana","2024-08-17","Lotto Dstny (PRT)","team/lotto-dstny-2024","LIVYNS Arjen","rider/arjen-livyns",558,119,44,52,17,30,17,33.5,20,558,119,44,52,17,17,30,33.5,20,-3.14300912291783,-2.5331788017133,-0.492987174486534,-2.43005563687021,0,0,0
"vuelta-a-espana","2024-08-17","Astana Qazaqstan Team (WT)","team/astana-qazaqstan-team-2024","UMBA Santiago","rider/santiago-umba",638,127,68,73,63,62.25,60,0,0,638,127,68,73,60,63,62.25,0,0,-2.86704371347815,-1.84704999673136,-2.3579027712769,-2.45921741001387,0,0,0
"vuelta-a-espana","2024-08-17","Alpecin - Deceuninck (WT)","team/alpecin-deceuninck-2024","MEURISSE Xandro","rider/xandro-meurisse",676,133,63,62,37,172.5,49,14.5,0,676,133,63,62,49,37,172.5,14.5,0,-2.6545852681452,-2.47216677438397,-2.12941533996073,-2.49482573437994,0,0,0
"vuelta-a-espana","2024-08-17","Groupama - FDJ (WT)","team/groupama-fdj-2024","BYSTRØM Sven Erik","rider/sven-erik-bystrom",683,135,21,40,0,198,43,18.75,15,683,135,21,40,43,0,198,18.75,15,-2.67960519651259,-3.28887361057683,-1.47331396568975,-2.62112747456729,0,0,0
"vuelta-a-espana","2024-08-17","Alpecin - Deceuninck (WT)","team/alpecin-deceuninck-2024","PLANCKAERT Edward","rider/edward-planckaert",616,125,20,32,0,90,50,24.5,5,616,125,20,32,50,0,90,24.5,5,-2.83075315862664,-3.12020084833858,-1.53207579416829,-2.65785199264855,0,0,0
"vuelta-a-espana","2024-08-17","Arkéa - B&B Hotels (WT)","team/arkea-b-b-hotels-2024","LE BERRE Mathis","rider/mathis-le-berre",603,124,64,67,18,53,25,12.5,5,603,124,64,67,25,18,53,12.5,5,-3.09652420572136,-2.53490534035128,-1.7504320163567,-2.65882010823741,0,0,0
"vuelta-a-espana","2024-08-17","Decathlon AG2R La Mondiale Team (WT)","team/decathlon-ag2r-la-mondiale-2024","LAFAY Victor","rider/victor-lafay",570,120,40,23,23,101.25,21,0,0,570,120,40,23,21,23,101.25,0,0,-2.86677332053311,-2.6436563897276,-2.19785820288263,-2.66605521776136,0,0,0
"vuelta-a-espana","2024-08-17","Euskaltel - Euskadi (PRT)","team/euskaltel-euskadi-2024","BERASATEGI Xabier","rider/xabier-berasategi-garmendia",536,117,105,75,6,9,9,0,0,536,117,105,75,9,6,9,0,0,-3.16560708243291,-2.45227521582695,-2.03838805383934,-2.72616371673241,0,0,0
"vuelta-a-espana","2024-08-17","Groupama - FDJ (WT)","team/groupama-fdj-2024","GERMANI Lorenzo","rider/lorenzo-germani",587,123,14,59,0,76,52,0,0,587,123,14,59,52,0,76,0,0,-2.8047349085055,-2.89365373215457,-2.28538639613844,-2.72754085312681,0,0,0
"vuelta-a-espana","2024-08-17","Team Jayco AlUla (WT)","team/team-jayco-alula-2024","BERHE Welay Hagos","rider/welay-hagos-berhe",696,137,55,67,22,120,61,0,0,696,137,55,67,61,22,120,0,0,-2.84784769462147,-2.77221532657198,-2.5733755097337,-2.77026354722907,0,0,0
"vuelta-a-espana","2024-08-17","Decathlon AG2R La Mondiale Team (WT)","team/decathlon-ag2r-la-mondiale-2024","DE PESTEL Sander","rider/sander-de-pestel",673,132,77,63,0,20,0,61,14,673,132,77,63,0,0,20,61,14,-3.61602118027114,-3.04410306322885,-0.357677356310916,-2.79277698036641,0,0,0
"vuelta-a-espana","2024-08-17","Team Jayco AlUla (WT)","team/team-jayco-alula-2024","DE MARCHI Alessandro","rider/alessandro-de-marchi",620,126,44,67,0,96,25,0,0,620,126,44,67,25,0,96,0,0,-2.99906358921873,-2.90200767578696,-2.34162977960136,-2.83846005326573,0,0,0
"vuelta-a-espana","2024-08-17","Groupama - FDJ (WT)","team/groupama-fdj-2024","THOMPSON Reuben","rider/reuben-thompson",667,131,59,61,0,104.75,25,1,1,667,131,59,61,25,0,104.75,1,1,-3.08157932600821,-3.0547810006427,-2.39179760587878,-2.93558348437267,0,0,0
"vuelta-a-espana","2024-08-17","Astana Qazaqstan Team (WT)","team/astana-qazaqstan-team-2024","GAROFOLI Gianmarco","rider/gianmarco-garofoli",649,129,79,55,25,25.5,15,0,0,649,129,79,55,15,25,25.5,0,0,-3.39973966132982,-2.60677876843919,-2.38540543903884,-2.95898454900443,0,0,0
"vuelta-a-espana","2024-08-17","Team dsm-firmenich PostNL (WT)","team/team-dsm-firmenich-postnl-2024","LEEMREIZE Gijs","rider/gijs-leemreize",737,140,83,52,5,133.75,43,0,0,737,140,83,52,43,5,133.75,0,0,-3.01090542279026,-3.21401448592551,-2.64601163536387,-2.99885938424555,0,0,0
"vuelta-a-espana","2024-08-17","Movistar Team (WT)","team/movistar-team-2024","ARCAS Jorge","rider/jorge-arcas",640,128,0,25,0,58.75,35,0,0,640,128,0,25,35,0,58.75,0,0,-3.16731497563235,-3.25570020451765,-2.44390274922175,-3.04914809901582,0,0,0
"vuelta-a-espana","2024-08-17","Lidl - Trek (WT)","team/lidl-trek-2024","OOMEN Sam","rider/sam-oomen",749,141,58,33,8,194.5,18,1,0,749,141,58,33,18,8,194.5,1,0,-3.03092352706328,-3.33635552427994,-2.67905493898662,-3.05217940861295,0,0,0
"vuelta-a-espana","2024-08-17","EF Education - EasyPost (WT)","team/ef-education-easypost-2024","SWEENY Harry","rider/harry-sweeny",726,139,20.29,52,0,55.75,10,22.5,20,726,139,20.29,52,10,0,55.75,22.5,20,-3.61927079013316,-3.33372019013497,-1.28762881436396,-3.06727721497986,0,0,0
"vuelta-a-espana","2024-08-17","Euskaltel - Euskadi (PRT)","team/euskaltel-euskadi-2024","MARTÍN Gotzon","rider/gotzon-martin",692,136,42,36,0,69.75,15,22.75,0,692,136,42,36,15,0,69.75,22.75,0,-3.41097552900698,-3.31625563796563,-2.00471926970456,-3.10130830983409,0,0,0
"vuelta-a-espana","2024-08-17","Euskaltel - Euskadi (PRT)","team/euskaltel-euskadi-2024","MATÉ Luis Ángel","rider/luis-angel-mate",774,144,55,55,22,83,49,0,0,774,144,55,55,49,22,83,0,0,-3.29708119636537,-3.05181485742524,-2.78114088084116,-3.12031323157849,0,0,0
"vuelta-a-espana","2024-08-17","Soudal Quick-Step (WT)","team/soudal-quick-step-2024","KNOX James","rider/james-knox",755,142,27,21,0,184.5,35,0,0,755,142,27,21,35,0,184.5,0,0,-2.98742446318878,-3.59327657259682,-2.75753439738565,-3.12320208285057,0,0,0
"vuelta-a-espana","2024-08-17","Team dsm-firmenich PostNL (WT)","team/team-dsm-firmenich-postnl-2024","VAN DEN BERG Julius","rider/julius-van-den-berg",713,138,0,10,0,58.75,25,26.5,10,713,138,0,10,25,0,58.75,26.5,10,-3.47585184758164,-3.57381574377639,-1.59513552349873,-3.12909775162348,0,0,0
"vuelta-a-espana","2024-08-17","Cofidis (WT)","team/cofidis-2024","ELISSONDE Kenny","rider/kenny-elissonde",797,146,21,32,11,168.25,40,0,0,797,146,21,32,40,11,168.25,0,0,-3.1316401468618,-3.46720702351364,-2.87808186774312,-3.18159855403362,0,0,0
"vuelta-a-espana","2024-08-17","Arkéa - B&B Hotels (WT)","team/arkea-b-b-hotels-2024","OWSIAN Łukasz","rider/lukasz-owsian",772,143,3,25,0,91.75,30,13.5,10,772,143,3,25,30,0,91.75,13.5,10,-3.45728795999023,-3.63507894644695,-2.0693839359842,-3.23304445112604,0,0,0
"vuelta-a-espana","2024-08-17","Intermarché - Wanty (WT)","team/intermarche-wanty-2024","TAARAMÄE Rein","rider/rein-taaramae",885,155,50,41,21,204.25,26,0,0,885,155,50,41,26,21,204.25,0,0,-3.3169179473216,-3.463260730511,-3.09234668516225,-3.31590652984655,0,0,0
"vuelta-a-espana","2024-08-17","Arkéa - B&B Hotels (WT)","team/arkea-b-b-hotels-2024","HUYS Laurens","rider/laurens-huys",815,151,21,36,11,110,35,7.5,0,815,151,21,36,35,11,110,7.5,0,-3.48154878724378,-3.52445425896385,-2.77281660572436,-3.35267399245592,0,0,0
"vuelta-a-espana","2024-08-17","EF Education - EasyPost (WT)","team/ef-education-easypost-2024","SHAW James","rider/james-shaw",870,154,35,38,0,199,23,5,5,870,154,35,38,23,0,199,5,5,-3.34104932579093,-3.80578666457501,-2.73836745547662,-3.35993415336329,0,0,0
"vuelta-a-espana","2024-08-17","Bahrain - Victorious (WT)","team/bahrain-victorious-2024","SÜTTERLIN Jasha","rider/jasha-sutterlin",809,149,20.29,30,0,99.75,50,5,0,809,149,20.29,30,50,0,99.75,5,0,-3.37187513399509,-3.71156032136584,-2.80538895437454,-3.36048345428221,0,0,0
"vuelta-a-espana","2024-08-17","Cofidis (WT)","team/cofidis-2024","CHAMPION Thomas","rider/thomas-champion",784,145,22,37,2,75.25,34,0,0,784,145,22,37,34,2,75.25,0,0,-3.51070082901034,-3.55111978366899,-2.84402358624137,-3.38949106685414,0,0,0
"vuelta-a-espana","2024-08-17","Alpecin - Deceuninck (WT)","team/alpecin-deceuninck-2024","HOLLMANN Juri","rider/juri-hollmann",802,147,11,35,0,42,21,21.25,10,802,147,11,35,21,0,42,21.25,10,-3.80894304365602,-3.65942928317536,-1.96092361453708,-3.39448502968803,0,0,0
"vuelta-a-espana","2024-08-17","Lidl - Trek (WT)","team/lidl-trek-2024","VERGAERDE Otto","rider/otto-vergaerde",806,148,13,25,0,53.75,25,19.5,10,806,148,13,25,25,0,53.75,19.5,10,-3.7455586018771,-3.73410665085053,-2.0192458664804,-3.39686046948979,0,0,0
"vuelta-a-espana","2024-08-17","Bahrain - Victorious (WT)","team/bahrain-victorious-2024","GRADEK Kamil","rider/kamil-gradek",833,152,45.29,22,7,47.5,25,20,10,833,152,45.29,22,25,7,47.5,20,10,-3.82301548244215,-3.68995829349951,-2.05974333146267,-3.43044389556346,0,0,0
"vuelta-a-espana","2024-08-17","INEOS Grenadiers (WT)","team/ineos-grenadiers-2024","HEIDUK Kim","rider/kim-heiduk",853,153,60,20,9,40,25,21,0,853,153,60,20,25,9,40,21,0,-3.88220767905776,-3.69882103064167,-2.48291440832703,-3.54733303038679,0,0,0
"vuelta-a-espana","2024-08-17","Intermarché - Wanty (WT)","team/intermarche-wanty-2024","PETILLI Simone","rider/simone-petilli",812,150,5,25,5,66,30,0,0,812,150,5,25,30,5,66,0,0,-3.69625580239538,-3.69081983371971,-2.96119012373002,-3.5476118760596,0,0,0
"vuelta-a-espana","2024-08-17","Arkéa - B&B Hotels (WT)","team/arkea-b-b-hotels-2024","GESBERT Élie","rider/elie-gesbert",886,156,0,0,0,152.5,40,0,0,886,156,0,6.75,40,0,152.5,0,0,-3.47271463552359,-4.07838868156615,-3.15734344165685,-3.59134261056301,0,0,0
"vuelta-a-espana","2024-08-17","Alpecin - Deceuninck (WT)","team/alpecin-deceuninck-2024","RIESEBEEK Oscar","rider/oscar-riesebeek",950,161,0,25,0,63,15,68,5,950,161,0,25,15,0,63,68,5,-4.18767414052423,-4.13231098007213,-1.4208308052216,-3.61769652532807,0,0,0
"vuelta-a-espana","2024-08-17","Team Visma | Lease a Bike (WT)","team/team-visma-lease-a-bike-2024","GESINK Robert","rider/robert-gesink",899,157,20,20,0,77.5,40,0,0,899,157,20,20,40,0,77.5,0,0,-3.77869552716671,-4.01070547540399,-3.16897712021401,-3.72635483024736,0,0,0
"vuelta-a-espana","2024-08-17","Astana Qazaqstan Team (WT)","team/astana-qazaqstan-team-2024","SCHELLING Ide","rider/ide-schelling",978,163,20,33,5,58.75,0,39.75,18,978,163,20,33,0,5,58.75,39.75,18,-4.37286325273917,-4.05044218318292,-1.62758444591192,-3.72708117050684,0,0,0
"vuelta-a-espana","2024-08-17","Lotto Dstny (PRT)","team/lotto-dstny-2024","GREGAARD Jonas","rider/jonas-gregaard",992,165,10,24,2,148.25,34,0.75,0,979.08,165,10,24,34,2,148.25,0.75,0,-3.78112971096545,-4.18586695941905,-3.3823047005284,-3.82278588341412,0,0,0
"vuelta-a-espana","2024-08-17","Equipo Kern Pharma (PRT)","team/equipo-kern-pharma-2024","GUTIÉRREZ Jorge","rider/jorge-gutierrez-gonzalez",928,160,54,38,4,32,32,0,0,928,160,54,38,32,4,32,0,0,-4.06628089334337,-3.88206353721325,-3.21382061788694,-3.84052363141305,0,0,0
"vuelta-a-espana","2024-08-17","Lotto Dstny (PRT)","team/lotto-dstny-2024","DE GENDT Thomas","rider/thomas-de-gendt",916,158,0,9,4,68.75,30,0,0,916,158,0,9,30,4,68.75,0,0,-3.95472580855645,-4.07229499974958,-3.23045286103758,-3.84514197641062,0,0,0
"vuelta-a-espana","2024-08-17","Israel - Premier Tech (PRT)","team/israel-premier-tech-2024","FRIGO Marco","rider/marco-frigo",957,162,23,35,5,69.5,36,0,0,957,162,23,35,36,5,69.5,0,0,-3.99145194531911,-3.9880187995563,-3.31825088935478,-3.8557817903974,0,0,0
"vuelta-a-espana","2024-08-17","Team dsm-firmenich PostNL (WT)","team/team-dsm-firmenich-postnl-2024","LEIJNSE Enzo","rider/enzo-leijnse",924,159,16,39,0,15,15,3.75,0,924,159,16,39,15,0,15,3.75,0,-4.29299005859938,-3.96543816206883,-3.14421861778425,-3.96497020147719,0,0,0
"vuelta-a-espana","2024-08-17","Equipo Kern Pharma (PRT)","team/equipo-kern-pharma-2024","IRIBAR Unai","rider/unai-iribar-jauregi",981,164,64,33,21,14,5,0,0,979.08,164,64,33,5,21,14,0,0,-4.47314594004607,-3.75226793122173,-3.33346444604244,-4.02894623859804,0,0,0
"vuelta-a-espana","2024-08-17","Team Visma | Lease a Bike (WT)","team/team-visma-lease-a-bike-2024","KRUIJSWIJK Steven","rider/steven-kruijswijk",0,171,10,15,0,174.75,25,0,0,0,171,10,15,25,0,174.75,0,0,0,0,0,0,0,0,0
"vuelta-a-espana","2024-08-17","Decathlon AG2R La Mondiale Team (WT)","team/decathlon-ag2r-la-mondiale-2024","BOUCHARD Geoffrey","rider/geoffrey-bouchard",0,176,3,0,0,238.25,0,14.5,0,0,174.25,3,6.75,0,0,238.25,14.5,0,0,0,0,0,0,0,0
"vuelta-a-espana","2024-08-17","Israel - Premier Tech (PRT)","team/israel-premier-tech-2024","RAISBERG Nadav","rider/nadav-raisberg",0,169,46,22,2,0,0,16,16,0,169,46,22,0,2,8.9375,16,16,0,0,0,0,0,0,0
"vuelta-a-espana","2024-08-17","Bahrain - Victorious (WT)","team/bahrain-victorious-2024","MIHOLJEVIĆ Fran","rider/fran-miholjevic",0,168,0,30,0,32,5,18.75,10,0,168,0,30,5,0,32,18.75,10,0,0,0,0,0,0,0
"vuelta-a-espana","2024-08-17","Arkéa - B&B Hotels (WT)","team/arkea-b-b-hotels-2024","GUGLIELMI Simon","rider/simon-guglielmi",0,170,9,21,1,59.25,6,1.5,0,0,170,9,21,6,1,59.25,1.5,0,0,0,0,0,0,0,0
"vuelta-a-espana","2024-08-17","Intermarché - Wanty (WT)","team/intermarche-wanty-2024","PAQUOT Tom","rider/tom-paquot",0,167,10,25,0,23.5,15,1.5,0,0,167,10,25,15,0,23.5,1.5,0,0,0,0,0,0,0,0
"vuelta-a-espana","2024-08-17","Team dsm-firmenich PostNL (WT)","team/team-dsm-firmenich-postnl-2024","NABERMAN Tim","rider/tim-naberman",0,172,0,10,0,13.75,10,8.75,5,0,172,0,10,10,0,13.75,8.75,5,0,0,0,0,0,0,0
"vuelta-a-espana","2024-08-17","Team dsm-firmenich PostNL (WT)","team/team-dsm-firmenich-postnl-2024","TUSVELD Martijn","rider/martijn-tusveld",0,166,6,25,0,62.25,10,21.25,5,0,166,6,25,10,0,62.25,21.25,5,0,0,0,0,0,0,0
"vuelta-a-espana","2024-08-17","Equipo Kern Pharma (PRT)","team/equipo-kern-pharma-2024","RUIZ Ibon","rider/ibon-ruiz",0,174,38,13,2,18,8,3.75,0,0,174,38,13,8,2,18,3.75,0,0,0,0,0,0,0,0
"vuelta-a-espana","2024-08-17","Equipo Kern Pharma (PRT)","team/equipo-kern-pharma-2024","SOTO Antonio Jesús","rider/antonio-soto",0,173,16,13,0,14,0,43.5,0,0,173,16,13,0,0,14,43.5,0,0,0,0,0,0,0,0
"vuelta-a-espana","2024-08-17","Euskaltel - Euskadi (PRT)","team/euskaltel-euskadi-2024","ISASA Xabier","rider/xabier-isasa-larranaga",0,175,8,10,5,9.5,5,0,0,0,174.25,8,10,5,5,9.5,0,0,0,0,0,0,0,0,0
