rider_id,rider_name,stage_id,stage,stage_points,cumulative_points
rider/abel-balderstone-roumens,BALDERSTONE Abel,race/vuelta-a-espana/2025/stage-1,1,0,0
rider/abel-balderstone-roumens,BALDERSTONE Abel,race/vuelta-a-espana/2025/stage-2,2,0,0
rider/abel-balderstone-roumens,BALDERSTONE Abel,race/vuelta-a-espana/2025/stage-3,3,0,0
rider/abel-balderstone-roumens,BALDERSTONE Abel,race/vuelta-a-espana/2025/stage-4,4,0,0
rider/abel-balderstone-roumens,BALDERSTONE Abel,race/vuelta-a-espana/2025/stage-5,5,0,0
rider/abel-balderstone-roumens,BALDERSTONE Abel,race/vuelta-a-espana/2025/stage-6,6,0,0
rider/alec-segaert,SEGAERT Alec,race/vuelta-a-espana/2025/stage-1,1,0,0
rider/alec-segaert,SEGAERT Alec,race/vuelta-a-espana/2025/stage-2,2,0,0
rider/alec-segaert,SEGAERT Alec,race/vuelta-a-espana/2025/stage-3,3,0,0
rider/alec-segaert,SEGAERT Alec,race/vuelta-a-espana/2025/stage-4,4,0,0
rider/alec-segaert,SEGAERT Alec,race/vuelta-a-espana/2025/stage-5,5,1,1
rider/alec-segaert,SEGAERT Alec,race/vuelta-a-espana/2025/stage-6,6,0,1
rider/alessandro-verre,VERRE Alessandro,race/vuelta-a-espana/2025/stage-1,1,3,3
rider/alessandro-verre,VERRE Alessandro,race/vuelta-a-espana/2025/stage-2,2,2,5
rider/alessandro-verre,VERRE Alessandro,race/vuelta-a-espana/2025/stage-3,3,3,8
rider/alessandro-verre,VERRE Alessandro,race/vuelta-a-espana/2025/stage-4,4,1,9
rider/alessandro-verre,VERRE Alessandro,race/vuelta-a-espana/2025/stage-5,5,1,10
rider/alessandro-verre,VERRE Alessandro,race/vuelta-a-espana/2025/stage-6,6,0,10
rider/alex-molenaar,MOLENAAR Alex,race/vuelta-a-espana/2025/stage-1,1,0,0
rider/alex-molenaar,MOLENAAR Alex,race/vuelta-a-espana/2025/stage-2,2,0,0
rider/alex-molenaar,MOLENAAR Alex,race/vuelta-a-espana/2025/stage-3,3,0,0
rider/alex-molenaar,MOLENAAR Alex,race/vuelta-a-espana/2025/stage-4,4,0,0
rider/alex-molenaar,MOLENAAR Alex,race/vuelta-a-espana/2025/stage-5,5,0,0
rider/alex-molenaar,MOLENAAR Alex,race/vuelta-a-espana/2025/stage-6,6,0,0
rider/amanuel-ghebreigzabhier,GHEBREIGZABHIER Amanuel,race/vuelta-a-espana/2025/stage-1,1,0,0
rider/amanuel-ghebreigzabhier,GHEBREIGZABHIER Amanuel,race/vuelta-a-espana/2025/stage-2,2,0,0
rider/amanuel-ghebreigzabhier,GHEBREIGZABHIER Amanuel,race/vuelta-a-espana/2025/stage-3,3,0,0
rider/amanuel-ghebreigzabhier,GHEBREIGZABHIER Amanuel,race/vuelta-a-espana/2025/stage-4,4,0,0
rider/amanuel-ghebreigzabhier,GHEBREIGZABHIER Amanuel,race/vuelta-a-espana/2025/stage-5,5,10,10
rider/amanuel-ghebreigzabhier,GHEBREIGZABHIER Amanuel,race/vuelta-a-espana/2025/stage-6,6,0,10
rider/anders-foldager,FOLDAGER Anders,race/vuelta-a-espana/2025/stage-1,1,0,0
rider/anders-foldager,FOLDAGER Anders,race/vuelta-a-espana/2025/stage-2,2,0,0
rider/anders-foldager,FOLDAGER Anders,race/vuelta-a-espana/2025/stage-3,3,0,0
rider/anders-foldager,FOLDAGER Anders,race/vuelta-a-espana/2025/stage-4,4,0,0
rider/anders-foldager,FOLDAGER Anders,race/vuelta-a-espana/2025/stage-5,5,0,0
rider/anders-foldager,FOLDAGER Anders,race/vuelta-a-espana/2025/stage-6,6,0,0
rider/andrea-bagioli,BAGIOLI Andrea,race/vuelta-a-espana/2025/stage-1,1,0,0
rider/andrea-bagioli,BAGIOLI Andrea,race/vuelta-a-espana/2025/stage-2,2,0,0
rider/andrea-bagioli,BAGIOLI Andrea,race/vuelta-a-espana/2025/stage-3,3,0,0
rider/andrea-bagioli,BAGIOLI Andrea,race/vuelta-a-espana/2025/stage-4,4,0,0
rider/andrea-bagioli,BAGIOLI Andrea,race/vuelta-a-espana/2025/stage-5,5,10,10
rider/andrea-bagioli,BAGIOLI Andrea,race/vuelta-a-espana/2025/stage-6,6,0,10
rider/antonio-tiberi,TIBERI Antonio,race/vuelta-a-espana/2025/stage-1,1,0,0
rider/antonio-tiberi,TIBERI Antonio,race/vuelta-a-espana/2025/stage-2,2,0,0
rider/antonio-tiberi,TIBERI Antonio,race/vuelta-a-espana/2025/stage-3,3,0,0
rider/antonio-tiberi,TIBERI Antonio,race/vuelta-a-espana/2025/stage-4,4,0,0
rider/antonio-tiberi,TIBERI Antonio,race/vuelta-a-espana/2025/stage-5,5,0,0
rider/antonio-tiberi,TIBERI Antonio,race/vuelta-a-espana/2025/stage-6,6,1,1
rider/archie-ryan,RYAN Archie,race/vuelta-a-espana/2025/stage-1,1,0,0
rider/archie-ryan,RYAN Archie,race/vuelta-a-espana/2025/stage-2,2,0,0
rider/archie-ryan,RYAN Archie,race/vuelta-a-espana/2025/stage-3,3,0,0
rider/archie-ryan,RYAN Archie,race/vuelta-a-espana/2025/stage-4,4,0,0
rider/archie-ryan,RYAN Archie,race/vuelta-a-espana/2025/stage-5,5,0,0
rider/archie-ryan,RYAN Archie,race/vuelta-a-espana/2025/stage-6,6,4,4
rider/arjen-livyns,LIVYNS Arjen,race/vuelta-a-espana/2025/stage-1,1,0,0
rider/arjen-livyns,LIVYNS Arjen,race/vuelta-a-espana/2025/stage-2,2,0,0
rider/arjen-livyns,LIVYNS Arjen,race/vuelta-a-espana/2025/stage-3,3,0,0
rider/arjen-livyns,LIVYNS Arjen,race/vuelta-a-espana/2025/stage-4,4,0,0
rider/arjen-livyns,LIVYNS Arjen,race/vuelta-a-espana/2025/stage-5,5,1,1
rider/arjen-livyns,LIVYNS Arjen,race/vuelta-a-espana/2025/stage-6,6,0,1
rider/arne-marit,MARIT Arne,race/vuelta-a-espana/2025/stage-1,1,0,0
rider/arne-marit,MARIT Arne,race/vuelta-a-espana/2025/stage-2,2,0,0
rider/arne-marit,MARIT Arne,race/vuelta-a-espana/2025/stage-3,3,0,0
rider/arne-marit,MARIT Arne,race/vuelta-a-espana/2025/stage-4,4,0,0
rider/arne-marit,MARIT Arne,race/vuelta-a-espana/2025/stage-5,5,0,0
rider/arne-marit,MARIT Arne,race/vuelta-a-espana/2025/stage-6,6,0,0
rider/axel-zingle,ZINGLE Axel,race/vuelta-a-espana/2025/stage-1,1,0,0
rider/axel-zingle,ZINGLE Axel,race/vuelta-a-espana/2025/stage-2,2,0,0
rider/axel-zingle,ZINGLE Axel,race/vuelta-a-espana/2025/stage-3,3,0,0
rider/axel-zingle,ZINGLE Axel,race/vuelta-a-espana/2025/stage-4,4,0,0
rider/axel-zingle,ZINGLE Axel,race/vuelta-a-espana/2025/stage-5,5,0,0
rider/axel-zingle,ZINGLE Axel,race/vuelta-a-espana/2025/stage-6,6,0,0
rider/ben-o-connor,O'CONNOR Ben,race/vuelta-a-espana/2025/stage-1,1,0,0
rider/ben-o-connor,O'CONNOR Ben,race/vuelta-a-espana/2025/stage-2,2,0,0
rider/ben-o-connor,O'CONNOR Ben,race/vuelta-a-espana/2025/stage-3,3,0,0
rider/ben-o-connor,O'CONNOR Ben,race/vuelta-a-espana/2025/stage-4,4,0,0
rider/ben-o-connor,O'CONNOR Ben,race/vuelta-a-espana/2025/stage-5,5,0,0
rider/ben-o-connor,O'CONNOR Ben,race/vuelta-a-espana/2025/stage-6,6,0,0
rider/ben-tulett,TULETT Ben,race/vuelta-a-espana/2025/stage-1,1,0,0
rider/ben-tulett,TULETT Ben,race/vuelta-a-espana/2025/stage-2,2,0,0
rider/ben-tulett,TULETT Ben,race/vuelta-a-espana/2025/stage-3,3,0,0
rider/ben-tulett,TULETT Ben,race/vuelta-a-espana/2025/stage-4,4,0,0
rider/ben-tulett,TULETT Ben,race/vuelta-a-espana/2025/stage-5,5,13,13
rider/ben-tulett,TULETT Ben,race/vuelta-a-espana/2025/stage-6,6,0,13
rider/ben-zwiehoff,ZWIEHOFF Ben,race/vuelta-a-espana/2025/stage-1,1,0,0
rider/ben-zwiehoff,ZWIEHOFF Ben,race/vuelta-a-espana/2025/stage-2,2,0,0
rider/ben-zwiehoff,ZWIEHOFF Ben,race/vuelta-a-espana/2025/stage-3,3,0,0
rider/ben-zwiehoff,ZWIEHOFF Ben,race/vuelta-a-espana/2025/stage-4,4,0,0
rider/ben-zwiehoff,ZWIEHOFF Ben,race/vuelta-a-espana/2025/stage-5,5,7,7
rider/ben-zwiehoff,ZWIEHOFF Ben,race/vuelta-a-espana/2025/stage-6,6,0,7
rider/bjoern-koerdt,KOERDT Bjorn,race/vuelta-a-espana/2025/stage-1,1,0,0
rider/bjoern-koerdt,KOERDT Bjorn,race/vuelta-a-espana/2025/stage-2,2,0,0
rider/bjoern-koerdt,KOERDT Bjorn,race/vuelta-a-espana/2025/stage-3,3,4,4
rider/bjoern-koerdt,KOERDT Bjorn,race/vuelta-a-espana/2025/stage-4,4,0,4
rider/bjoern-koerdt,KOERDT Bjorn,race/vuelta-a-espana/2025/stage-5,5,0,4
rider/bjoern-koerdt,KOERDT Bjorn,race/vuelta-a-espana/2025/stage-6,6,0,4
rider/bob-jungels,JUNGELS Bob,race/vuelta-a-espana/2025/stage-1,1,0,0
rider/bob-jungels,JUNGELS Bob,race/vuelta-a-espana/2025/stage-2,2,0,0
rider/bob-jungels,JUNGELS Bob,race/vuelta-a-espana/2025/stage-3,3,0,0
rider/bob-jungels,JUNGELS Bob,race/vuelta-a-espana/2025/stage-4,4,0,0
rider/bob-jungels,JUNGELS Bob,race/vuelta-a-espana/2025/stage-5,5,6,6
rider/bob-jungels,JUNGELS Bob,race/vuelta-a-espana/2025/stage-6,6,0,6
rider/brandon-smith-rivera-vargas,RIVERA Brandon Smith,race/vuelta-a-espana/2025/stage-1,1,0,0
rider/brandon-smith-rivera-vargas,RIVERA Brandon Smith,race/vuelta-a-espana/2025/stage-2,2,0,0
rider/brandon-smith-rivera-vargas,RIVERA Brandon Smith,race/vuelta-a-espana/2025/stage-3,3,0,0
rider/brandon-smith-rivera-vargas,RIVERA Brandon Smith,race/vuelta-a-espana/2025/stage-4,4,0,0
rider/brandon-smith-rivera-vargas,RIVERA Brandon Smith,race/vuelta-a-espana/2025/stage-5,5,6,6
rider/brandon-smith-rivera-vargas,RIVERA Brandon Smith,race/vuelta-a-espana/2025/stage-6,6,0,6
rider/brieuc-rolland,ROLLAND Brieuc,race/vuelta-a-espana/2025/stage-1,1,0,0
rider/brieuc-rolland,ROLLAND Brieuc,race/vuelta-a-espana/2025/stage-2,2,0,0
rider/brieuc-rolland,ROLLAND Brieuc,race/vuelta-a-espana/2025/stage-3,3,0,0
rider/brieuc-rolland,ROLLAND Brieuc,race/vuelta-a-espana/2025/stage-4,4,0,0
rider/brieuc-rolland,ROLLAND Brieuc,race/vuelta-a-espana/2025/stage-5,5,2,2
rider/brieuc-rolland,ROLLAND Brieuc,race/vuelta-a-espana/2025/stage-6,6,0,2
rider/bruno-armirail,ARMIRAIL Bruno,race/vuelta-a-espana/2025/stage-1,1,0,0
rider/bruno-armirail,ARMIRAIL Bruno,race/vuelta-a-espana/2025/stage-2,2,0,0
rider/bruno-armirail,ARMIRAIL Bruno,race/vuelta-a-espana/2025/stage-3,3,0,0
rider/bruno-armirail,ARMIRAIL Bruno,race/vuelta-a-espana/2025/stage-4,4,0,0
rider/bruno-armirail,ARMIRAIL Bruno,race/vuelta-a-espana/2025/stage-5,5,4,4
rider/bruno-armirail,ARMIRAIL Bruno,race/vuelta-a-espana/2025/stage-6,6,17,21
rider/bryan-coquard,COQUARD Bryan,race/vuelta-a-espana/2025/stage-1,1,8,8
rider/bryan-coquard,COQUARD Bryan,race/vuelta-a-espana/2025/stage-2,2,0,8
rider/bryan-coquard,COQUARD Bryan,race/vuelta-a-espana/2025/stage-3,3,0,8
rider/bryan-coquard,COQUARD Bryan,race/vuelta-a-espana/2025/stage-4,4,0,8
rider/bryan-coquard,COQUARD Bryan,race/vuelta-a-espana/2025/stage-5,5,0,8
rider/bryan-coquard,COQUARD Bryan,race/vuelta-a-espana/2025/stage-6,6,0,8
rider/callum-scotson,SCOTSON Callum,race/vuelta-a-espana/2025/stage-1,1,0,0
rider/callum-scotson,SCOTSON Callum,race/vuelta-a-espana/2025/stage-2,2,0,0
rider/callum-scotson,SCOTSON Callum,race/vuelta-a-espana/2025/stage-3,3,0,0
rider/callum-scotson,SCOTSON Callum,race/vuelta-a-espana/2025/stage-4,4,0,0
rider/callum-scotson,SCOTSON Callum,race/vuelta-a-espana/2025/stage-5,5,4,4
rider/callum-scotson,SCOTSON Callum,race/vuelta-a-espana/2025/stage-6,6,0,4
rider/carlos-canal,CANAL Carlos,race/vuelta-a-espana/2025/stage-1,1,0,0
rider/carlos-canal,CANAL Carlos,race/vuelta-a-espana/2025/stage-2,2,0,0
rider/carlos-canal,CANAL Carlos,race/vuelta-a-espana/2025/stage-3,3,0,0
rider/carlos-canal,CANAL Carlos,race/vuelta-a-espana/2025/stage-4,4,0,0
rider/carlos-canal,CANAL Carlos,race/vuelta-a-espana/2025/stage-5,5,5,5
rider/carlos-canal,CANAL Carlos,race/vuelta-a-espana/2025/stage-6,6,0,5
rider/carlos-garcia-pierna,GARCÍA PIERNA Carlos,race/vuelta-a-espana/2025/stage-1,1,0,0
rider/carlos-garcia-pierna,GARCÍA PIERNA Carlos,race/vuelta-a-espana/2025/stage-2,2,0,0
rider/carlos-garcia-pierna,GARCÍA PIERNA Carlos,race/vuelta-a-espana/2025/stage-3,3,0,0
rider/carlos-garcia-pierna,GARCÍA PIERNA Carlos,race/vuelta-a-espana/2025/stage-4,4,0,0
rider/carlos-garcia-pierna,GARCÍA PIERNA Carlos,race/vuelta-a-espana/2025/stage-5,5,0,0
rider/carlos-garcia-pierna,GARCÍA PIERNA Carlos,race/vuelta-a-espana/2025/stage-6,6,0,0
rider/carlos-verona,VERONA Carlos,race/vuelta-a-espana/2025/stage-1,1,0,0
rider/carlos-verona,VERONA Carlos,race/vuelta-a-espana/2025/stage-2,2,0,0
rider/carlos-verona,VERONA Carlos,race/vuelta-a-espana/2025/stage-3,3,0,0
rider/carlos-verona,VERONA Carlos,race/vuelta-a-espana/2025/stage-4,4,0,0
rider/carlos-verona,VERONA Carlos,race/vuelta-a-espana/2025/stage-5,5,10,10
rider/carlos-verona,VERONA Carlos,race/vuelta-a-espana/2025/stage-6,6,0,10
rider/casper-van-uden,VAN UDEN Casper,race/vuelta-a-espana/2025/stage-1,1,0,0
rider/casper-van-uden,VAN UDEN Casper,race/vuelta-a-espana/2025/stage-2,2,0,0
rider/casper-van-uden,VAN UDEN Casper,race/vuelta-a-espana/2025/stage-3,3,0,0
rider/casper-van-uden,VAN UDEN Casper,race/vuelta-a-espana/2025/stage-4,4,0,0
rider/casper-van-uden,VAN UDEN Casper,race/vuelta-a-espana/2025/stage-5,5,0,0
rider/casper-van-uden,VAN UDEN Casper,race/vuelta-a-espana/2025/stage-6,6,0,0
rider/chris-hamilton,HAMILTON Chris,race/vuelta-a-espana/2025/stage-1,1,0,0
rider/chris-hamilton,HAMILTON Chris,race/vuelta-a-espana/2025/stage-2,2,0,0
rider/chris-hamilton,HAMILTON Chris,race/vuelta-a-espana/2025/stage-3,3,0,0
rider/chris-hamilton,HAMILTON Chris,race/vuelta-a-espana/2025/stage-4,4,0,0
rider/chris-hamilton,HAMILTON Chris,race/vuelta-a-espana/2025/stage-5,5,0,0
rider/chris-hamilton,HAMILTON Chris,race/vuelta-a-espana/2025/stage-6,6,0,0
rider/chris-harper,HARPER Chris,race/vuelta-a-espana/2025/stage-1,1,0,0
rider/chris-harper,HARPER Chris,race/vuelta-a-espana/2025/stage-2,2,0,0
rider/chris-harper,HARPER Chris,race/vuelta-a-espana/2025/stage-3,3,0,0
rider/chris-harper,HARPER Chris,race/vuelta-a-espana/2025/stage-4,4,0,0
rider/chris-harper,HARPER Chris,race/vuelta-a-espana/2025/stage-5,5,0,0
rider/chris-harper,HARPER Chris,race/vuelta-a-espana/2025/stage-6,6,0,0
rider/christopher-juul-jensen,JUUL-JENSEN Christopher,race/vuelta-a-espana/2025/stage-1,1,0,0
rider/christopher-juul-jensen,JUUL-JENSEN Christopher,race/vuelta-a-espana/2025/stage-2,2,0,0
rider/christopher-juul-jensen,JUUL-JENSEN Christopher,race/vuelta-a-espana/2025/stage-3,3,0,0
rider/christopher-juul-jensen,JUUL-JENSEN Christopher,race/vuelta-a-espana/2025/stage-4,4,0,0
rider/christopher-juul-jensen,JUUL-JENSEN Christopher,race/vuelta-a-espana/2025/stage-5,5,0,0
rider/christopher-juul-jensen,JUUL-JENSEN Christopher,race/vuelta-a-espana/2025/stage-6,6,0,0
rider/clement-braz-afonso,BRAZ AFONSO Clément,race/vuelta-a-espana/2025/stage-1,1,0,0
rider/clement-braz-afonso,BRAZ AFONSO Clément,race/vuelta-a-espana/2025/stage-2,2,0,0
rider/clement-braz-afonso,BRAZ AFONSO Clément,race/vuelta-a-espana/2025/stage-3,3,0,0
rider/clement-braz-afonso,BRAZ AFONSO Clément,race/vuelta-a-espana/2025/stage-4,4,0,0
rider/clement-braz-afonso,BRAZ AFONSO Clément,race/vuelta-a-espana/2025/stage-5,5,2,2
rider/clement-braz-afonso,BRAZ AFONSO Clément,race/vuelta-a-espana/2025/stage-6,6,0,2
rider/cristian-rodriguez,RODRÍGUEZ Cristián,race/vuelta-a-espana/2025/stage-1,1,0,0
rider/cristian-rodriguez,RODRÍGUEZ Cristián,race/vuelta-a-espana/2025/stage-2,2,0,0
rider/cristian-rodriguez,RODRÍGUEZ Cristián,race/vuelta-a-espana/2025/stage-3,3,0,0
rider/cristian-rodriguez,RODRÍGUEZ Cristián,race/vuelta-a-espana/2025/stage-4,4,0,0
rider/cristian-rodriguez,RODRÍGUEZ Cristián,race/vuelta-a-espana/2025/stage-5,5,0,0
rider/cristian-rodriguez,RODRÍGUEZ Cristián,race/vuelta-a-espana/2025/stage-6,6,0,0
rider/daan-hoole,HOOLE Daan,race/vuelta-a-espana/2025/stage-1,1,0,0
rider/daan-hoole,HOOLE Daan,race/vuelta-a-espana/2025/stage-2,2,0,0
rider/daan-hoole,HOOLE Daan,race/vuelta-a-espana/2025/stage-3,3,0,0
rider/daan-hoole,HOOLE Daan,race/vuelta-a-espana/2025/stage-4,4,0,0
rider/daan-hoole,HOOLE Daan,race/vuelta-a-espana/2025/stage-5,5,10,10
rider/daan-hoole,HOOLE Daan,race/vuelta-a-espana/2025/stage-6,6,0,10
rider/damiano-caruso,CARUSO Damiano,race/vuelta-a-espana/2025/stage-1,1,0,0
rider/damiano-caruso,CARUSO Damiano,race/vuelta-a-espana/2025/stage-2,2,0,0
rider/damiano-caruso,CARUSO Damiano,race/vuelta-a-espana/2025/stage-3,3,0,0
rider/damiano-caruso,CARUSO Damiano,race/vuelta-a-espana/2025/stage-4,4,0,0
rider/damiano-caruso,CARUSO Damiano,race/vuelta-a-espana/2025/stage-5,5,0,0
rider/damiano-caruso,CARUSO Damiano,race/vuelta-a-espana/2025/stage-6,6,0,0
rider/damien-howson,HOWSON Damien,race/vuelta-a-espana/2025/stage-1,1,0,0
rider/damien-howson,HOWSON Damien,race/vuelta-a-espana/2025/stage-2,2,0,0
rider/damien-howson,HOWSON Damien,race/vuelta-a-espana/2025/stage-3,3,0,0
rider/damien-howson,HOWSON Damien,race/vuelta-a-espana/2025/stage-4,4,0,0
rider/damien-howson,HOWSON Damien,race/vuelta-a-espana/2025/stage-5,5,3,3
rider/damien-howson,HOWSON Damien,race/vuelta-a-espana/2025/stage-6,6,0,3
rider/daniel-cavia-sanz,CAVIA Daniel,race/vuelta-a-espana/2025/stage-1,1,0,0
rider/daniel-cavia-sanz,CAVIA Daniel,race/vuelta-a-espana/2025/stage-2,2,0,0
rider/daniel-cavia-sanz,CAVIA Daniel,race/vuelta-a-espana/2025/stage-3,3,0,0
rider/daniel-cavia-sanz,CAVIA Daniel,race/vuelta-a-espana/2025/stage-4,4,0,0
rider/daniel-cavia-sanz,CAVIA Daniel,race/vuelta-a-espana/2025/stage-5,5,0,0
rider/daniel-cavia-sanz,CAVIA Daniel,race/vuelta-a-espana/2025/stage-6,6,0,0
rider/david-de-la-cruz,DE LA CRUZ David,race/vuelta-a-espana/2025/stage-1,1,0,0
rider/david-de-la-cruz,DE LA CRUZ David,race/vuelta-a-espana/2025/stage-2,2,0,0
rider/david-de-la-cruz,DE LA CRUZ David,race/vuelta-a-espana/2025/stage-3,3,0,0
rider/david-de-la-cruz,DE LA CRUZ David,race/vuelta-a-espana/2025/stage-4,4,0,0
rider/david-de-la-cruz,DE LA CRUZ David,race/vuelta-a-espana/2025/stage-5,5,3,3
rider/david-de-la-cruz,DE LA CRUZ David,race/vuelta-a-espana/2025/stage-6,6,0,3
rider/david-gaudu,GAUDU David,race/vuelta-a-espana/2025/stage-1,1,0,0
rider/david-gaudu,GAUDU David,race/vuelta-a-espana/2025/stage-2,2,22,22
rider/david-gaudu,GAUDU David,race/vuelta-a-espana/2025/stage-3,3,35,57
rider/david-gaudu,GAUDU David,race/vuelta-a-espana/2025/stage-4,4,5,62
rider/david-gaudu,GAUDU David,race/vuelta-a-espana/2025/stage-5,5,2,64
rider/david-gaudu,GAUDU David,race/vuelta-a-espana/2025/stage-6,6,0,64
rider/david-gonzalez-lopez,GONZÁLEZ David,race/vuelta-a-espana/2025/stage-1,1,10,10
rider/david-gonzalez-lopez,GONZÁLEZ David,race/vuelta-a-espana/2025/stage-2,2,0,10
rider/david-gonzalez-lopez,GONZÁLEZ David,race/vuelta-a-espana/2025/stage-3,3,0,10
rider/david-gonzalez-lopez,GONZÁLEZ David,race/vuelta-a-espana/2025/stage-4,4,0,10
rider/david-gonzalez-lopez,GONZÁLEZ David,race/vuelta-a-espana/2025/stage-5,5,3,13
rider/david-gonzalez-lopez,GONZÁLEZ David,race/vuelta-a-espana/2025/stage-6,6,0,13
rider/dion-smith,SMITH Dion,race/vuelta-a-espana/2025/stage-1,1,0,0
rider/dion-smith,SMITH Dion,race/vuelta-a-espana/2025/stage-2,2,0,0
rider/dion-smith,SMITH Dion,race/vuelta-a-espana/2025/stage-3,3,0,0
rider/dion-smith,SMITH Dion,race/vuelta-a-espana/2025/stage-4,4,0,0
rider/dion-smith,SMITH Dion,race/vuelta-a-espana/2025/stage-5,5,0,0
rider/dion-smith,SMITH Dion,race/vuelta-a-espana/2025/stage-6,6,0,0
rider/domen-novak,NOVAK Domen,race/vuelta-a-espana/2025/stage-1,1,0,0
rider/domen-novak,NOVAK Domen,race/vuelta-a-espana/2025/stage-2,2,0,0
rider/domen-novak,NOVAK Domen,race/vuelta-a-espana/2025/stage-3,3,0,0
rider/domen-novak,NOVAK Domen,race/vuelta-a-espana/2025/stage-4,4,0,0
rider/domen-novak,NOVAK Domen,race/vuelta-a-espana/2025/stage-5,5,15,15
rider/domen-novak,NOVAK Domen,race/vuelta-a-espana/2025/stage-6,6,0,15
rider/dries-de-pooter,DE POOTER Dries,race/vuelta-a-espana/2025/stage-1,1,0,0
rider/dries-de-pooter,DE POOTER Dries,race/vuelta-a-espana/2025/stage-2,2,0,0
rider/dries-de-pooter,DE POOTER Dries,race/vuelta-a-espana/2025/stage-3,3,0,0
rider/dries-de-pooter,DE POOTER Dries,race/vuelta-a-espana/2025/stage-4,4,0,0
rider/dries-de-pooter,DE POOTER Dries,race/vuelta-a-espana/2025/stage-5,5,0,0
rider/dries-de-pooter,DE POOTER Dries,race/vuelta-a-espana/2025/stage-6,6,0,0
rider/dylan-van-baarle,VAN BAARLE Dylan,race/vuelta-a-espana/2025/stage-1,1,0,0
rider/dylan-van-baarle,VAN BAARLE Dylan,race/vuelta-a-espana/2025/stage-2,2,0,0
rider/dylan-van-baarle,VAN BAARLE Dylan,race/vuelta-a-espana/2025/stage-3,3,0,0
rider/dylan-van-baarle,VAN BAARLE Dylan,race/vuelta-a-espana/2025/stage-4,4,0,0
rider/dylan-van-baarle,VAN BAARLE Dylan,race/vuelta-a-espana/2025/stage-5,5,12,12
rider/dylan-van-baarle,VAN BAARLE Dylan,race/vuelta-a-espana/2025/stage-6,6,0,12
rider/eduardo-sepulveda,SEPÚLVEDA Eduardo,race/vuelta-a-espana/2025/stage-1,1,0,0
rider/eduardo-sepulveda,SEPÚLVEDA Eduardo,race/vuelta-a-espana/2025/stage-2,2,0,0
rider/eduardo-sepulveda,SEPÚLVEDA Eduardo,race/vuelta-a-espana/2025/stage-3,3,0,0
rider/eduardo-sepulveda,SEPÚLVEDA Eduardo,race/vuelta-a-espana/2025/stage-4,4,0,0
rider/eduardo-sepulveda,SEPÚLVEDA Eduardo,race/vuelta-a-espana/2025/stage-5,5,1,1
rider/eduardo-sepulveda,SEPÚLVEDA Eduardo,race/vuelta-a-espana/2025/stage-6,6,0,1
rider/edward-irl-dunbar,DUNBAR Eddie,race/vuelta-a-espana/2025/stage-1,1,0,0
rider/edward-irl-dunbar,DUNBAR Eddie,race/vuelta-a-espana/2025/stage-2,2,0,0
rider/edward-irl-dunbar,DUNBAR Eddie,race/vuelta-a-espana/2025/stage-3,3,0,0
rider/edward-irl-dunbar,DUNBAR Eddie,race/vuelta-a-espana/2025/stage-4,4,0,0
rider/edward-irl-dunbar,DUNBAR Eddie,race/vuelta-a-espana/2025/stage-5,5,0,0
rider/edward-irl-dunbar,DUNBAR Eddie,race/vuelta-a-espana/2025/stage-6,6,0,0
rider/edward-planckaert,PLANCKAERT Edward,race/vuelta-a-espana/2025/stage-1,1,0,0
rider/edward-planckaert,PLANCKAERT Edward,race/vuelta-a-espana/2025/stage-2,2,0,0
rider/edward-planckaert,PLANCKAERT Edward,race/vuelta-a-espana/2025/stage-3,3,0,0
rider/edward-planckaert,PLANCKAERT Edward,race/vuelta-a-espana/2025/stage-4,4,20,20
rider/edward-planckaert,PLANCKAERT Edward,race/vuelta-a-espana/2025/stage-5,5,0,20
rider/edward-planckaert,PLANCKAERT Edward,race/vuelta-a-espana/2025/stage-6,6,0,20
rider/egan-bernal,BERNAL Egan,race/vuelta-a-espana/2025/stage-1,1,0,0
rider/egan-bernal,BERNAL Egan,race/vuelta-a-espana/2025/stage-2,2,14,14
rider/egan-bernal,BERNAL Egan,race/vuelta-a-espana/2025/stage-3,3,6,20
rider/egan-bernal,BERNAL Egan,race/vuelta-a-espana/2025/stage-4,4,0,20
rider/egan-bernal,BERNAL Egan,race/vuelta-a-espana/2025/stage-5,5,6,26
rider/egan-bernal,BERNAL Egan,race/vuelta-a-espana/2025/stage-6,6,0,26
rider/elia-viviani,VIVIANI Elia,race/vuelta-a-espana/2025/stage-1,1,14,14
rider/elia-viviani,VIVIANI Elia,race/vuelta-a-espana/2025/stage-2,2,0,14
rider/elia-viviani,VIVIANI Elia,race/vuelta-a-espana/2025/stage-3,3,0,14
rider/elia-viviani,VIVIANI Elia,race/vuelta-a-espana/2025/stage-4,4,0,14
rider/elia-viviani,VIVIANI Elia,race/vuelta-a-espana/2025/stage-5,5,1,15
rider/elia-viviani,VIVIANI Elia,race/vuelta-a-espana/2025/stage-6,6,0,15
rider/emanuel-buchmann,BUCHMANN Emanuel,race/vuelta-a-espana/2025/stage-1,1,0,0
rider/emanuel-buchmann,BUCHMANN Emanuel,race/vuelta-a-espana/2025/stage-2,2,0,0
rider/emanuel-buchmann,BUCHMANN Emanuel,race/vuelta-a-espana/2025/stage-3,3,0,0
rider/emanuel-buchmann,BUCHMANN Emanuel,race/vuelta-a-espana/2025/stage-4,4,0,0
rider/emanuel-buchmann,BUCHMANN Emanuel,race/vuelta-a-espana/2025/stage-5,5,0,0
rider/emanuel-buchmann,BUCHMANN Emanuel,race/vuelta-a-espana/2025/stage-6,6,0,0
rider/eric-antonio-fagundez,FAGÚNDEZ Eric Antonio,race/vuelta-a-espana/2025/stage-1,1,0,0
rider/eric-antonio-fagundez,FAGÚNDEZ Eric Antonio,race/vuelta-a-espana/2025/stage-2,2,0,0
rider/eric-antonio-fagundez,FAGÚNDEZ Eric Antonio,race/vuelta-a-espana/2025/stage-3,3,0,0
rider/eric-antonio-fagundez,FAGÚNDEZ Eric Antonio,race/vuelta-a-espana/2025/stage-4,4,0,0
rider/eric-antonio-fagundez,FAGÚNDEZ Eric Antonio,race/vuelta-a-espana/2025/stage-5,5,0,0
rider/eric-antonio-fagundez,FAGÚNDEZ Eric Antonio,race/vuelta-a-espana/2025/stage-6,6,0,0
rider/ethan-vernon,VERNON Ethan,race/vuelta-a-espana/2025/stage-1,1,33,33
rider/ethan-vernon,VERNON Ethan,race/vuelta-a-espana/2025/stage-2,2,2,35
rider/ethan-vernon,VERNON Ethan,race/vuelta-a-espana/2025/stage-3,3,0,35
rider/ethan-vernon,VERNON Ethan,race/vuelta-a-espana/2025/stage-4,4,16,51
rider/ethan-vernon,VERNON Ethan,race/vuelta-a-espana/2025/stage-5,5,2,53
rider/ethan-vernon,VERNON Ethan,race/vuelta-a-espana/2025/stage-6,6,2,55
rider/fabio-christen,CHRISTEN Fabio,race/vuelta-a-espana/2025/stage-1,1,0,0
rider/fabio-christen,CHRISTEN Fabio,race/vuelta-a-espana/2025/stage-2,2,0,0
rider/fabio-christen,CHRISTEN Fabio,race/vuelta-a-espana/2025/stage-3,3,0,0
rider/fabio-christen,CHRISTEN Fabio,race/vuelta-a-espana/2025/stage-4,4,8,8
rider/fabio-christen,CHRISTEN Fabio,race/vuelta-a-espana/2025/stage-5,5,3,11
rider/fabio-christen,CHRISTEN Fabio,race/vuelta-a-espana/2025/stage-6,6,0,11
rider/fausto-masnada,MASNADA Fausto,race/vuelta-a-espana/2025/stage-1,1,0,0
rider/fausto-masnada,MASNADA Fausto,race/vuelta-a-espana/2025/stage-2,2,0,0
rider/fausto-masnada,MASNADA Fausto,race/vuelta-a-espana/2025/stage-3,3,0,0
rider/fausto-masnada,MASNADA Fausto,race/vuelta-a-espana/2025/stage-4,4,0,0
rider/fausto-masnada,MASNADA Fausto,race/vuelta-a-espana/2025/stage-5,5,0,0
rider/fausto-masnada,MASNADA Fausto,race/vuelta-a-espana/2025/stage-6,6,0,0
rider/felix-gall,GALL Felix,race/vuelta-a-espana/2025/stage-1,1,0,0
rider/felix-gall,GALL Felix,race/vuelta-a-espana/2025/stage-2,2,10,10
rider/felix-gall,GALL Felix,race/vuelta-a-espana/2025/stage-3,3,0,10
rider/felix-gall,GALL Felix,race/vuelta-a-espana/2025/stage-4,4,0,10
rider/felix-gall,GALL Felix,race/vuelta-a-espana/2025/stage-5,5,4,14
rider/felix-gall,GALL Felix,race/vuelta-a-espana/2025/stage-6,6,0,14
rider/felix-grossschartner,GROßSCHARTNER Felix,race/vuelta-a-espana/2025/stage-1,1,0,0
rider/felix-grossschartner,GROßSCHARTNER Felix,race/vuelta-a-espana/2025/stage-2,2,0,0
rider/felix-grossschartner,GROßSCHARTNER Felix,race/vuelta-a-espana/2025/stage-3,3,0,0
rider/felix-grossschartner,GROßSCHARTNER Felix,race/vuelta-a-espana/2025/stage-4,4,0,0
rider/felix-grossschartner,GROßSCHARTNER Felix,race/vuelta-a-espana/2025/stage-5,5,15,15
rider/felix-grossschartner,GROßSCHARTNER Felix,race/vuelta-a-espana/2025/stage-6,6,0,15
rider/fernando-barcelo,BARCELÓ Fernando,race/vuelta-a-espana/2025/stage-1,1,0,0
rider/fernando-barcelo,BARCELÓ Fernando,race/vuelta-a-espana/2025/stage-2,2,0,0
rider/fernando-barcelo,BARCELÓ Fernando,race/vuelta-a-espana/2025/stage-3,3,0,0
rider/fernando-barcelo,BARCELÓ Fernando,race/vuelta-a-espana/2025/stage-4,4,0,0
rider/fernando-barcelo,BARCELÓ Fernando,race/vuelta-a-espana/2025/stage-5,5,0,0
rider/fernando-barcelo,BARCELÓ Fernando,race/vuelta-a-espana/2025/stage-6,6,0,0
rider/filippo-ganna,GANNA Filippo,race/vuelta-a-espana/2025/stage-1,1,0,0
rider/filippo-ganna,GANNA Filippo,race/vuelta-a-espana/2025/stage-2,2,0,0
rider/filippo-ganna,GANNA Filippo,race/vuelta-a-espana/2025/stage-3,3,0,0
rider/filippo-ganna,GANNA Filippo,race/vuelta-a-espana/2025/stage-4,4,0,0
rider/filippo-ganna,GANNA Filippo,race/vuelta-a-espana/2025/stage-5,5,6,6
rider/filippo-ganna,GANNA Filippo,race/vuelta-a-espana/2025/stage-6,6,0,6
rider/finn-fisher-black,FISHER-BLACK Finn,race/vuelta-a-espana/2025/stage-1,1,0,0
rider/finn-fisher-black,FISHER-BLACK Finn,race/vuelta-a-espana/2025/stage-2,2,0,0
rider/finn-fisher-black,FISHER-BLACK Finn,race/vuelta-a-espana/2025/stage-3,3,0,0
rider/finn-fisher-black,FISHER-BLACK Finn,race/vuelta-a-espana/2025/stage-4,4,0,0
rider/finn-fisher-black,FISHER-BLACK Finn,race/vuelta-a-espana/2025/stage-5,5,7,7
rider/finn-fisher-black,FISHER-BLACK Finn,race/vuelta-a-espana/2025/stage-6,6,0,7
rider/gal-glivar,GLIVAR Gal,race/vuelta-a-espana/2025/stage-1,1,0,0
rider/gal-glivar,GLIVAR Gal,race/vuelta-a-espana/2025/stage-2,2,0,0
rider/gal-glivar,GLIVAR Gal,race/vuelta-a-espana/2025/stage-3,3,0,0
rider/gal-glivar,GLIVAR Gal,race/vuelta-a-espana/2025/stage-4,4,0,0
rider/gal-glivar,GLIVAR Gal,race/vuelta-a-espana/2025/stage-5,5,0,0
rider/gal-glivar,GLIVAR Gal,race/vuelta-a-espana/2025/stage-6,6,0,0
rider/george-bennett,BENNETT George,race/vuelta-a-espana/2025/stage-1,1,0,0
rider/george-bennett,BENNETT George,race/vuelta-a-espana/2025/stage-2,2,0,0
rider/george-bennett,BENNETT George,race/vuelta-a-espana/2025/stage-3,3,0,0
rider/george-bennett,BENNETT George,race/vuelta-a-espana/2025/stage-4,4,0,0
rider/george-bennett,BENNETT George,race/vuelta-a-espana/2025/stage-5,5,0,0
rider/george-bennett,BENNETT George,race/vuelta-a-espana/2025/stage-6,6,0,0
rider/gianmarco-garofoli,GAROFOLI Gianmarco,race/vuelta-a-espana/2025/stage-1,1,0,0
rider/gianmarco-garofoli,GAROFOLI Gianmarco,race/vuelta-a-espana/2025/stage-2,2,0,0
rider/gianmarco-garofoli,GAROFOLI Gianmarco,race/vuelta-a-espana/2025/stage-3,3,0,0
rider/gianmarco-garofoli,GAROFOLI Gianmarco,race/vuelta-a-espana/2025/stage-4,4,0,0
rider/gianmarco-garofoli,GAROFOLI Gianmarco,race/vuelta-a-espana/2025/stage-5,5,0,0
rider/gianmarco-garofoli,GAROFOLI Gianmarco,race/vuelta-a-espana/2025/stage-6,6,0,0
rider/gijs-leemreize,LEEMREIZE Gijs,race/vuelta-a-espana/2025/stage-1,1,0,0
rider/gijs-leemreize,LEEMREIZE Gijs,race/vuelta-a-espana/2025/stage-2,2,0,0
rider/gijs-leemreize,LEEMREIZE Gijs,race/vuelta-a-espana/2025/stage-3,3,0,0
rider/gijs-leemreize,LEEMREIZE Gijs,race/vuelta-a-espana/2025/stage-4,4,0,0
rider/gijs-leemreize,LEEMREIZE Gijs,race/vuelta-a-espana/2025/stage-5,5,0,0
rider/gijs-leemreize,LEEMREIZE Gijs,race/vuelta-a-espana/2025/stage-6,6,0,0
rider/giovanni-aleotti,ALEOTTI Giovanni,race/vuelta-a-espana/2025/stage-1,1,0,0
rider/giovanni-aleotti,ALEOTTI Giovanni,race/vuelta-a-espana/2025/stage-2,2,0,0
rider/giovanni-aleotti,ALEOTTI Giovanni,race/vuelta-a-espana/2025/stage-3,3,0,0
rider/giovanni-aleotti,ALEOTTI Giovanni,race/vuelta-a-espana/2025/stage-4,4,0,0
rider/giovanni-aleotti,ALEOTTI Giovanni,race/vuelta-a-espana/2025/stage-5,5,7,7
rider/giovanni-aleotti,ALEOTTI Giovanni,race/vuelta-a-espana/2025/stage-6,6,0,7
rider/giulio-ciccone,CICCONE Giulio,race/vuelta-a-espana/2025/stage-1,1,0,0
rider/giulio-ciccone,CICCONE Giulio,race/vuelta-a-espana/2025/stage-2,2,29,29
rider/giulio-ciccone,CICCONE Giulio,race/vuelta-a-espana/2025/stage-3,3,18,47
rider/giulio-ciccone,CICCONE Giulio,race/vuelta-a-espana/2025/stage-4,4,2,49
rider/giulio-ciccone,CICCONE Giulio,race/vuelta-a-espana/2025/stage-5,5,10,59
rider/giulio-ciccone,CICCONE Giulio,race/vuelta-a-espana/2025/stage-6,6,0,59
rider/giulio-pellizzari,PELLIZZARI Giulio,race/vuelta-a-espana/2025/stage-1,1,0,0
rider/giulio-pellizzari,PELLIZZARI Giulio,race/vuelta-a-espana/2025/stage-2,2,0,0
rider/giulio-pellizzari,PELLIZZARI Giulio,race/vuelta-a-espana/2025/stage-3,3,0,0
rider/giulio-pellizzari,PELLIZZARI Giulio,race/vuelta-a-espana/2025/stage-4,4,0,0
rider/giulio-pellizzari,PELLIZZARI Giulio,race/vuelta-a-espana/2025/stage-5,5,9,9
rider/giulio-pellizzari,PELLIZZARI Giulio,race/vuelta-a-espana/2025/stage-6,6,3,12
rider/guillaume-martin,MARTIN Guillaume,race/vuelta-a-espana/2025/stage-1,1,0,0
rider/guillaume-martin,MARTIN Guillaume,race/vuelta-a-espana/2025/stage-2,2,0,0
rider/guillaume-martin,MARTIN Guillaume,race/vuelta-a-espana/2025/stage-3,3,0,0
rider/guillaume-martin,MARTIN Guillaume,race/vuelta-a-espana/2025/stage-4,4,0,0
rider/guillaume-martin,MARTIN Guillaume,race/vuelta-a-espana/2025/stage-5,5,0,0
rider/guillaume-martin,MARTIN Guillaume,race/vuelta-a-espana/2025/stage-6,6,0,0
rider/guillermo-juan-martinez,MARTINEZ Juan Guillermo,race/vuelta-a-espana/2025/stage-1,1,0,0
rider/guillermo-juan-martinez,MARTINEZ Juan Guillermo,race/vuelta-a-espana/2025/stage-2,2,0,0
rider/guillermo-juan-martinez,MARTINEZ Juan Guillermo,race/vuelta-a-espana/2025/stage-3,3,0,0
rider/guillermo-juan-martinez,MARTINEZ Juan Guillermo,race/vuelta-a-espana/2025/stage-4,4,0,0
rider/guillermo-juan-martinez,MARTINEZ Juan Guillermo,race/vuelta-a-espana/2025/stage-5,5,0,0
rider/guillermo-juan-martinez,MARTINEZ Juan Guillermo,race/vuelta-a-espana/2025/stage-6,6,0,0
rider/guillermo-thomas-silva-coussan,SILVA Guillermo Thomas,race/vuelta-a-espana/2025/stage-1,1,6,6
rider/guillermo-thomas-silva-coussan,SILVA Guillermo Thomas,race/vuelta-a-espana/2025/stage-2,2,0,6
rider/guillermo-thomas-silva-coussan,SILVA Guillermo Thomas,race/vuelta-a-espana/2025/stage-3,3,0,6
rider/guillermo-thomas-silva-coussan,SILVA Guillermo Thomas,race/vuelta-a-espana/2025/stage-4,4,4,10
rider/guillermo-thomas-silva-coussan,SILVA Guillermo Thomas,race/vuelta-a-espana/2025/stage-5,5,0,10
rider/guillermo-thomas-silva-coussan,SILVA Guillermo Thomas,race/vuelta-a-espana/2025/stage-6,6,0,10
rider/harold-martin-lopez,LÓPEZ Harold Martín,race/vuelta-a-espana/2025/stage-1,1,0,0
rider/harold-martin-lopez,LÓPEZ Harold Martín,race/vuelta-a-espana/2025/stage-2,2,0,0
rider/harold-martin-lopez,LÓPEZ Harold Martín,race/vuelta-a-espana/2025/stage-3,3,0,0
rider/harold-martin-lopez,LÓPEZ Harold Martín,race/vuelta-a-espana/2025/stage-4,4,0,0
rider/harold-martin-lopez,LÓPEZ Harold Martín,race/vuelta-a-espana/2025/stage-5,5,0,0
rider/harold-martin-lopez,LÓPEZ Harold Martín,race/vuelta-a-espana/2025/stage-6,6,0,0
rider/harold-tejada,TEJADA Harold,race/vuelta-a-espana/2025/stage-1,1,0,0
rider/harold-tejada,TEJADA Harold,race/vuelta-a-espana/2025/stage-2,2,0,0
rider/harold-tejada,TEJADA Harold,race/vuelta-a-espana/2025/stage-3,3,0,0
rider/harold-tejada,TEJADA Harold,race/vuelta-a-espana/2025/stage-4,4,0,0
rider/harold-tejada,TEJADA Harold,race/vuelta-a-espana/2025/stage-5,5,0,0
rider/harold-tejada,TEJADA Harold,race/vuelta-a-espana/2025/stage-6,6,0,0
rider/hugo-de-la-calle-arango,DE LA CALLE Hugo,race/vuelta-a-espana/2025/stage-1,1,0,0
rider/hugo-de-la-calle-arango,DE LA CALLE Hugo,race/vuelta-a-espana/2025/stage-2,2,0,0
rider/hugo-de-la-calle-arango,DE LA CALLE Hugo,race/vuelta-a-espana/2025/stage-3,3,0,0
rider/hugo-de-la-calle-arango,DE LA CALLE Hugo,race/vuelta-a-espana/2025/stage-4,4,0,0
rider/hugo-de-la-calle-arango,DE LA CALLE Hugo,race/vuelta-a-espana/2025/stage-5,5,0,0
rider/hugo-de-la-calle-arango,DE LA CALLE Hugo,race/vuelta-a-espana/2025/stage-6,6,0,0
rider/huub-artz,ARTZ Huub,race/vuelta-a-espana/2025/stage-1,1,0,0
rider/huub-artz,ARTZ Huub,race/vuelta-a-espana/2025/stage-2,2,0,0
rider/huub-artz,ARTZ Huub,race/vuelta-a-espana/2025/stage-3,3,0,0
rider/huub-artz,ARTZ Huub,race/vuelta-a-espana/2025/stage-4,4,0,0
rider/huub-artz,ARTZ Huub,race/vuelta-a-espana/2025/stage-5,5,0,0
rider/huub-artz,ARTZ Huub,race/vuelta-a-espana/2025/stage-6,6,0,0
rider/ivan-garcia-cortina,GARCÍA CORTINA Iván,race/vuelta-a-espana/2025/stage-1,1,12,12
rider/ivan-garcia-cortina,GARCÍA CORTINA Iván,race/vuelta-a-espana/2025/stage-2,2,0,12
rider/ivan-garcia-cortina,GARCÍA CORTINA Iván,race/vuelta-a-espana/2025/stage-3,3,0,12
rider/ivan-garcia-cortina,GARCÍA CORTINA Iván,race/vuelta-a-espana/2025/stage-4,4,0,12
rider/ivan-garcia-cortina,GARCÍA CORTINA Iván,race/vuelta-a-espana/2025/stage-5,5,5,17
rider/ivan-garcia-cortina,GARCÍA CORTINA Iván,race/vuelta-a-espana/2025/stage-6,6,0,17
rider/ivo-emanuel-alves,OLIVEIRA Ivo,race/vuelta-a-espana/2025/stage-1,1,0,0
rider/ivo-emanuel-alves,OLIVEIRA Ivo,race/vuelta-a-espana/2025/stage-2,2,0,0
rider/ivo-emanuel-alves,OLIVEIRA Ivo,race/vuelta-a-espana/2025/stage-3,3,0,0
rider/ivo-emanuel-alves,OLIVEIRA Ivo,race/vuelta-a-espana/2025/stage-4,4,0,0
rider/ivo-emanuel-alves,OLIVEIRA Ivo,race/vuelta-a-espana/2025/stage-5,5,15,15
rider/ivo-emanuel-alves,OLIVEIRA Ivo,race/vuelta-a-espana/2025/stage-6,6,0,15
rider/jack-haig,HAIG Jack,race/vuelta-a-espana/2025/stage-1,1,0,0
rider/jack-haig,HAIG Jack,race/vuelta-a-espana/2025/stage-2,2,0,0
rider/jack-haig,HAIG Jack,race/vuelta-a-espana/2025/stage-3,3,0,0
rider/jack-haig,HAIG Jack,race/vuelta-a-espana/2025/stage-4,4,0,0
rider/jack-haig,HAIG Jack,race/vuelta-a-espana/2025/stage-5,5,0,0
rider/jack-haig,HAIG Jack,race/vuelta-a-espana/2025/stage-6,6,0,0
rider/jai-hindley,HINDLEY Jai,race/vuelta-a-espana/2025/stage-1,1,0,0
rider/jai-hindley,HINDLEY Jai,race/vuelta-a-espana/2025/stage-2,2,8,8
rider/jai-hindley,HINDLEY Jai,race/vuelta-a-espana/2025/stage-3,3,2,10
rider/jai-hindley,HINDLEY Jai,race/vuelta-a-espana/2025/stage-4,4,0,10
rider/jai-hindley,HINDLEY Jai,race/vuelta-a-espana/2025/stage-5,5,7,17
rider/jai-hindley,HINDLEY Jai,race/vuelta-a-espana/2025/stage-6,6,0,17
rider/jake-stewart,STEWART Jake,race/vuelta-a-espana/2025/stage-1,1,0,0
rider/jake-stewart,STEWART Jake,race/vuelta-a-espana/2025/stage-2,2,0,0
rider/jake-stewart,STEWART Jake,race/vuelta-a-espana/2025/stage-3,3,0,0
rider/jake-stewart,STEWART Jake,race/vuelta-a-espana/2025/stage-4,4,0,0
rider/jake-stewart,STEWART Jake,race/vuelta-a-espana/2025/stage-5,5,0,0
rider/jake-stewart,STEWART Jake,race/vuelta-a-espana/2025/stage-6,6,0,0
rider/jakub-otruba,OTRUBA Jakub,race/vuelta-a-espana/2025/stage-1,1,0,0
rider/jakub-otruba,OTRUBA Jakub,race/vuelta-a-espana/2025/stage-2,2,0,0
rider/jakub-otruba,OTRUBA Jakub,race/vuelta-a-espana/2025/stage-3,3,0,0
rider/jakub-otruba,OTRUBA Jakub,race/vuelta-a-espana/2025/stage-4,4,0,0
rider/jakub-otruba,OTRUBA Jakub,race/vuelta-a-espana/2025/stage-5,5,0,0
rider/jakub-otruba,OTRUBA Jakub,race/vuelta-a-espana/2025/stage-6,6,0,0
rider/james-shaw,SHAW James,race/vuelta-a-espana/2025/stage-1,1,0,0
rider/james-shaw,SHAW James,race/vuelta-a-espana/2025/stage-2,2,0,0
rider/james-shaw,SHAW James,race/vuelta-a-espana/2025/stage-3,3,0,0
rider/james-shaw,SHAW James,race/vuelta-a-espana/2025/stage-4,4,0,0
rider/james-shaw,SHAW James,race/vuelta-a-espana/2025/stage-5,5,0,0
rider/james-shaw,SHAW James,race/vuelta-a-espana/2025/stage-6,6,10,10
rider/jan-hirt,HIRT Jan,race/vuelta-a-espana/2025/stage-1,1,0,0
rider/jan-hirt,HIRT Jan,race/vuelta-a-espana/2025/stage-2,2,0,0
rider/jan-hirt,HIRT Jan,race/vuelta-a-espana/2025/stage-3,3,0,0
rider/jan-hirt,HIRT Jan,race/vuelta-a-espana/2025/stage-4,4,0,0
rider/jan-hirt,HIRT Jan,race/vuelta-a-espana/2025/stage-5,5,0,0
rider/jan-hirt,HIRT Jan,race/vuelta-a-espana/2025/stage-6,6,0,0
rider/jardi-christiaan-van-der-lee,VAN DER LEE Jardi Christiaan,race/vuelta-a-espana/2025/stage-1,1,0,0
rider/jardi-christiaan-van-der-lee,VAN DER LEE Jardi Christiaan,race/vuelta-a-espana/2025/stage-2,2,0,0
rider/jardi-christiaan-van-der-lee,VAN DER LEE Jardi Christiaan,race/vuelta-a-espana/2025/stage-3,3,0,0
rider/jardi-christiaan-van-der-lee,VAN DER LEE Jardi Christiaan,race/vuelta-a-espana/2025/stage-4,4,0,0
rider/jardi-christiaan-van-der-lee,VAN DER LEE Jardi Christiaan,race/vuelta-a-espana/2025/stage-5,5,0,0
rider/jardi-christiaan-van-der-lee,VAN DER LEE Jardi Christiaan,race/vuelta-a-espana/2025/stage-6,6,0,0
rider/jasper-de-buyst,DE BUYST Jasper,race/vuelta-a-espana/2025/stage-1,1,0,0
rider/jasper-de-buyst,DE BUYST Jasper,race/vuelta-a-espana/2025/stage-2,2,0,0
rider/jasper-de-buyst,DE BUYST Jasper,race/vuelta-a-espana/2025/stage-3,3,0,0
rider/jasper-de-buyst,DE BUYST Jasper,race/vuelta-a-espana/2025/stage-4,4,0,0
rider/jasper-de-buyst,DE BUYST Jasper,race/vuelta-a-espana/2025/stage-5,5,1,1
rider/jasper-de-buyst,DE BUYST Jasper,race/vuelta-a-espana/2025/stage-6,6,0,1
rider/jasper-philipsen,PHILIPSEN Jasper,race/vuelta-a-espana/2025/stage-1,1,38,38
rider/jasper-philipsen,PHILIPSEN Jasper,race/vuelta-a-espana/2025/stage-2,2,3,41
rider/jasper-philipsen,PHILIPSEN Jasper,race/vuelta-a-espana/2025/stage-3,3,0,41
rider/jasper-philipsen,PHILIPSEN Jasper,race/vuelta-a-espana/2025/stage-4,4,26,67
rider/jasper-philipsen,PHILIPSEN Jasper,race/vuelta-a-espana/2025/stage-5,5,1,68
rider/jasper-philipsen,PHILIPSEN Jasper,race/vuelta-a-espana/2025/stage-6,6,1,69
rider/jaume-guardeno,GUARDEÑO Jaume,race/vuelta-a-espana/2025/stage-1,1,0,0
rider/jaume-guardeno,GUARDEÑO Jaume,race/vuelta-a-espana/2025/stage-2,2,0,0
rider/jaume-guardeno,GUARDEÑO Jaume,race/vuelta-a-espana/2025/stage-3,3,0,0
rider/jaume-guardeno,GUARDEÑO Jaume,race/vuelta-a-espana/2025/stage-4,4,0,0
rider/jaume-guardeno,GUARDEÑO Jaume,race/vuelta-a-espana/2025/stage-5,5,0,0
rider/jaume-guardeno,GUARDEÑO Jaume,race/vuelta-a-espana/2025/stage-6,6,0,0
rider/javier-romo,ROMO Javier,race/vuelta-a-espana/2025/stage-1,1,0,0
rider/javier-romo,ROMO Javier,race/vuelta-a-espana/2025/stage-2,2,0,0
rider/javier-romo,ROMO Javier,race/vuelta-a-espana/2025/stage-3,3,0,0
rider/javier-romo,ROMO Javier,race/vuelta-a-espana/2025/stage-4,4,0,0
rider/javier-romo,ROMO Javier,race/vuelta-a-espana/2025/stage-5,5,5,5
rider/javier-romo,ROMO Javier,race/vuelta-a-espana/2025/stage-6,6,0,5
rider/jay-vine,VINE Jay,race/vuelta-a-espana/2025/stage-1,1,0,0
rider/jay-vine,VINE Jay,race/vuelta-a-espana/2025/stage-2,2,0,0
rider/jay-vine,VINE Jay,race/vuelta-a-espana/2025/stage-3,3,0,0
rider/jay-vine,VINE Jay,race/vuelta-a-espana/2025/stage-4,4,0,0
rider/jay-vine,VINE Jay,race/vuelta-a-espana/2025/stage-5,5,15,15
rider/jay-vine,VINE Jay,race/vuelta-a-espana/2025/stage-6,6,33,48
rider/jefferson-cepeda-hernandez,CEPEDA Jefferson Alveiro,race/vuelta-a-espana/2025/stage-1,1,0,0
rider/jefferson-cepeda-hernandez,CEPEDA Jefferson Alveiro,race/vuelta-a-espana/2025/stage-2,2,0,0
rider/jefferson-cepeda-hernandez,CEPEDA Jefferson Alveiro,race/vuelta-a-espana/2025/stage-3,3,0,0
rider/jefferson-cepeda-hernandez,CEPEDA Jefferson Alveiro,race/vuelta-a-espana/2025/stage-4,4,0,0
rider/jefferson-cepeda-hernandez,CEPEDA Jefferson Alveiro,race/vuelta-a-espana/2025/stage-5,5,5,5
rider/jefferson-cepeda-hernandez,CEPEDA Jefferson Alveiro,race/vuelta-a-espana/2025/stage-6,6,0,5
rider/jenthe-biermans,BIERMANS Jenthe,race/vuelta-a-espana/2025/stage-1,1,0,0
rider/jenthe-biermans,BIERMANS Jenthe,race/vuelta-a-espana/2025/stage-2,2,0,0
rider/jenthe-biermans,BIERMANS Jenthe,race/vuelta-a-espana/2025/stage-3,3,0,0
rider/jenthe-biermans,BIERMANS Jenthe,race/vuelta-a-espana/2025/stage-4,4,12,12
rider/jenthe-biermans,BIERMANS Jenthe,race/vuelta-a-espana/2025/stage-5,5,0,12
rider/jenthe-biermans,BIERMANS Jenthe,race/vuelta-a-espana/2025/stage-6,6,0,12
rider/jesus-herrada-lopez,HERRADA Jesús,race/vuelta-a-espana/2025/stage-1,1,0,0
rider/jesus-herrada-lopez,HERRADA Jesús,race/vuelta-a-espana/2025/stage-2,2,0,0
rider/jesus-herrada-lopez,HERRADA Jesús,race/vuelta-a-espana/2025/stage-3,3,0,0
rider/jesus-herrada-lopez,HERRADA Jesús,race/vuelta-a-espana/2025/stage-4,4,0,0
rider/jesus-herrada-lopez,HERRADA Jesús,race/vuelta-a-espana/2025/stage-5,5,0,0
rider/jesus-herrada-lopez,HERRADA Jesús,race/vuelta-a-espana/2025/stage-6,6,0,0
rider/joan-bou,BOU Joan,race/vuelta-a-espana/2025/stage-1,1,0,0
rider/joan-bou,BOU Joan,race/vuelta-a-espana/2025/stage-2,2,0,0
rider/joan-bou,BOU Joan,race/vuelta-a-espana/2025/stage-3,3,0,0
rider/joan-bou,BOU Joan,race/vuelta-a-espana/2025/stage-4,4,0,0
rider/joan-bou,BOU Joan,race/vuelta-a-espana/2025/stage-5,5,0,0
rider/joan-bou,BOU Joan,race/vuelta-a-espana/2025/stage-6,6,0,0
rider/joao-almeida,ALMEIDA João,race/vuelta-a-espana/2025/stage-1,1,0,0
rider/joao-almeida,ALMEIDA João,race/vuelta-a-espana/2025/stage-2,2,12,12
rider/joao-almeida,ALMEIDA João,race/vuelta-a-espana/2025/stage-3,3,0,12
rider/joao-almeida,ALMEIDA João,race/vuelta-a-espana/2025/stage-4,4,0,12
rider/joao-almeida,ALMEIDA João,race/vuelta-a-espana/2025/stage-5,5,17,29
rider/joao-almeida,ALMEIDA João,race/vuelta-a-espana/2025/stage-6,6,2,31
rider/joel-nicolau,NICOLAU Joel,race/vuelta-a-espana/2025/stage-1,1,2,2
rider/joel-nicolau,NICOLAU Joel,race/vuelta-a-espana/2025/stage-2,2,0,2
rider/joel-nicolau,NICOLAU Joel,race/vuelta-a-espana/2025/stage-3,3,0,2
rider/joel-nicolau,NICOLAU Joel,race/vuelta-a-espana/2025/stage-4,4,3,5
rider/joel-nicolau,NICOLAU Joel,race/vuelta-a-espana/2025/stage-5,5,3,8
rider/joel-nicolau,NICOLAU Joel,race/vuelta-a-espana/2025/stage-6,6,1,9
rider/johan-esteban-chaves,CHAVES Esteban,race/vuelta-a-espana/2025/stage-1,1,0,0
rider/johan-esteban-chaves,CHAVES Esteban,race/vuelta-a-espana/2025/stage-2,2,0,0
rider/johan-esteban-chaves,CHAVES Esteban,race/vuelta-a-espana/2025/stage-3,3,0,0
rider/johan-esteban-chaves,CHAVES Esteban,race/vuelta-a-espana/2025/stage-4,4,0,0
rider/johan-esteban-chaves,CHAVES Esteban,race/vuelta-a-espana/2025/stage-5,5,0,0
rider/johan-esteban-chaves,CHAVES Esteban,race/vuelta-a-espana/2025/stage-6,6,0,0
rider/johannes-staune-mittet,STAUNE-MITTET Johannes,race/vuelta-a-espana/2025/stage-1,1,0,0
rider/johannes-staune-mittet,STAUNE-MITTET Johannes,race/vuelta-a-espana/2025/stage-2,2,0,0
rider/johannes-staune-mittet,STAUNE-MITTET Johannes,race/vuelta-a-espana/2025/stage-3,3,0,0
rider/johannes-staune-mittet,STAUNE-MITTET Johannes,race/vuelta-a-espana/2025/stage-4,4,0,0
rider/johannes-staune-mittet,STAUNE-MITTET Johannes,race/vuelta-a-espana/2025/stage-5,5,4,4
rider/johannes-staune-mittet,STAUNE-MITTET Johannes,race/vuelta-a-espana/2025/stage-6,6,0,4
rider/jonas-gregaard,GREGAARD Jonas,race/vuelta-a-espana/2025/stage-1,1,0,0
rider/jonas-gregaard,GREGAARD Jonas,race/vuelta-a-espana/2025/stage-2,2,0,0
rider/jonas-gregaard,GREGAARD Jonas,race/vuelta-a-espana/2025/stage-3,3,0,0
rider/jonas-gregaard,GREGAARD Jonas,race/vuelta-a-espana/2025/stage-4,4,0,0
rider/jonas-gregaard,GREGAARD Jonas,race/vuelta-a-espana/2025/stage-5,5,1,1
rider/jonas-gregaard,GREGAARD Jonas,race/vuelta-a-espana/2025/stage-6,6,0,1
rider/jonas-rickaert,RICKAERT Jonas,race/vuelta-a-espana/2025/stage-1,1,0,0
rider/jonas-rickaert,RICKAERT Jonas,race/vuelta-a-espana/2025/stage-2,2,0,0
rider/jonas-rickaert,RICKAERT Jonas,race/vuelta-a-espana/2025/stage-3,3,0,0
rider/jonas-rickaert,RICKAERT Jonas,race/vuelta-a-espana/2025/stage-4,4,0,0
rider/jonas-rickaert,RICKAERT Jonas,race/vuelta-a-espana/2025/stage-5,5,0,0
rider/jonas-rickaert,RICKAERT Jonas,race/vuelta-a-espana/2025/stage-6,6,0,0
rider/jonas-vingegaard,VINGEGAARD Jonas,race/vuelta-a-espana/2025/stage-1,1,0,0
rider/jonas-vingegaard,VINGEGAARD Jonas,race/vuelta-a-espana/2025/stage-2,2,39,39
rider/jonas-vingegaard,VINGEGAARD Jonas,race/vuelta-a-espana/2025/stage-3,3,30,69
rider/jonas-vingegaard,VINGEGAARD Jonas,race/vuelta-a-espana/2025/stage-4,4,3,72
rider/jonas-vingegaard,VINGEGAARD Jonas,race/vuelta-a-espana/2025/stage-5,5,17,89
rider/jonas-vingegaard,VINGEGAARD Jonas,race/vuelta-a-espana/2025/stage-6,6,0,89
rider/jordan-labrosse,LABROSSE Jordan,race/vuelta-a-espana/2025/stage-1,1,0,0
rider/jordan-labrosse,LABROSSE Jordan,race/vuelta-a-espana/2025/stage-2,2,0,0
rider/jordan-labrosse,LABROSSE Jordan,race/vuelta-a-espana/2025/stage-3,3,12,12
rider/jordan-labrosse,LABROSSE Jordan,race/vuelta-a-espana/2025/stage-4,4,0,12
rider/jordan-labrosse,LABROSSE Jordan,race/vuelta-a-espana/2025/stage-5,5,4,16
rider/jordan-labrosse,LABROSSE Jordan,race/vuelta-a-espana/2025/stage-6,6,0,16
rider/jorge-arcas,ARCAS Jorge,race/vuelta-a-espana/2025/stage-1,1,0,0
rider/jorge-arcas,ARCAS Jorge,race/vuelta-a-espana/2025/stage-2,2,0,0
rider/jorge-arcas,ARCAS Jorge,race/vuelta-a-espana/2025/stage-3,3,0,0
rider/jorge-arcas,ARCAS Jorge,race/vuelta-a-espana/2025/stage-4,4,0,0
rider/jorge-arcas,ARCAS Jorge,race/vuelta-a-espana/2025/stage-5,5,0,0
rider/jorge-arcas,ARCAS Jorge,race/vuelta-a-espana/2025/stage-6,6,0,0
rider/jose-luis-faura-asensio,FAURA José Luis,race/vuelta-a-espana/2025/stage-1,1,0,0
rider/jose-luis-faura-asensio,FAURA José Luis,race/vuelta-a-espana/2025/stage-2,2,0,0
rider/jose-luis-faura-asensio,FAURA José Luis,race/vuelta-a-espana/2025/stage-3,3,0,0
rider/jose-luis-faura-asensio,FAURA José Luis,race/vuelta-a-espana/2025/stage-4,4,0,0
rider/jose-luis-faura-asensio,FAURA José Luis,race/vuelta-a-espana/2025/stage-5,5,0,0
rider/jose-luis-faura-asensio,FAURA José Luis,race/vuelta-a-espana/2025/stage-6,6,0,0
rider/juan-ayuso-pesquera,AYUSO Juan,race/vuelta-a-espana/2025/stage-1,1,0,0
rider/juan-ayuso-pesquera,AYUSO Juan,race/vuelta-a-espana/2025/stage-2,2,9,9
rider/juan-ayuso-pesquera,AYUSO Juan,race/vuelta-a-espana/2025/stage-3,3,3,12
rider/juan-ayuso-pesquera,AYUSO Juan,race/vuelta-a-espana/2025/stage-4,4,3,15
rider/juan-ayuso-pesquera,AYUSO Juan,race/vuelta-a-espana/2025/stage-5,5,21,36
rider/juan-ayuso-pesquera,AYUSO Juan,race/vuelta-a-espana/2025/stage-6,6,0,36
rider/julien-bernard,BERNARD Julien,race/vuelta-a-espana/2025/stage-1,1,0,0
rider/julien-bernard,BERNARD Julien,race/vuelta-a-espana/2025/stage-2,2,0,0
rider/julien-bernard,BERNARD Julien,race/vuelta-a-espana/2025/stage-3,3,0,0
rider/julien-bernard,BERNARD Julien,race/vuelta-a-espana/2025/stage-4,4,0,0
rider/julien-bernard,BERNARD Julien,race/vuelta-a-espana/2025/stage-5,5,10,10
rider/julien-bernard,BERNARD Julien,race/vuelta-a-espana/2025/stage-6,6,0,10
rider/junior-lecerf,LECERF Junior,race/vuelta-a-espana/2025/stage-1,1,0,0
rider/junior-lecerf,LECERF Junior,race/vuelta-a-espana/2025/stage-2,2,2,2
rider/junior-lecerf,LECERF Junior,race/vuelta-a-espana/2025/stage-3,3,1,3
rider/junior-lecerf,LECERF Junior,race/vuelta-a-espana/2025/stage-4,4,2,5
rider/junior-lecerf,LECERF Junior,race/vuelta-a-espana/2025/stage-5,5,0,5
rider/junior-lecerf,LECERF Junior,race/vuelta-a-espana/2025/stage-6,6,0,5
rider/kamiel-bonneu,BONNEU Kamiel,race/vuelta-a-espana/2025/stage-1,1,0,0
rider/kamiel-bonneu,BONNEU Kamiel,race/vuelta-a-espana/2025/stage-2,2,0,0
rider/kamiel-bonneu,BONNEU Kamiel,race/vuelta-a-espana/2025/stage-3,3,0,0
rider/kamiel-bonneu,BONNEU Kamiel,race/vuelta-a-espana/2025/stage-4,4,0,0
rider/kamiel-bonneu,BONNEU Kamiel,race/vuelta-a-espana/2025/stage-5,5,0,0
rider/kamiel-bonneu,BONNEU Kamiel,race/vuelta-a-espana/2025/stage-6,6,0,0
rider/kelland-brien,O'BRIEN Kelland,race/vuelta-a-espana/2025/stage-1,1,0,0
rider/kelland-brien,O'BRIEN Kelland,race/vuelta-a-espana/2025/stage-2,2,0,0
rider/kelland-brien,O'BRIEN Kelland,race/vuelta-a-espana/2025/stage-3,3,0,0
rider/kelland-brien,O'BRIEN Kelland,race/vuelta-a-espana/2025/stage-4,4,0,0
rider/kelland-brien,O'BRIEN Kelland,race/vuelta-a-espana/2025/stage-5,5,0,0
rider/kelland-brien,O'BRIEN Kelland,race/vuelta-a-espana/2025/stage-6,6,0,0
rider/kevin-vermaerke,VERMAERKE Kevin,race/vuelta-a-espana/2025/stage-1,1,0,0
rider/kevin-vermaerke,VERMAERKE Kevin,race/vuelta-a-espana/2025/stage-2,2,0,0
rider/kevin-vermaerke,VERMAERKE Kevin,race/vuelta-a-espana/2025/stage-3,3,0,0
rider/kevin-vermaerke,VERMAERKE Kevin,race/vuelta-a-espana/2025/stage-4,4,0,0
rider/kevin-vermaerke,VERMAERKE Kevin,race/vuelta-a-espana/2025/stage-5,5,0,0
rider/kevin-vermaerke,VERMAERKE Kevin,race/vuelta-a-espana/2025/stage-6,6,0,0
rider/koen-bouwman,BOUWMAN Koen,race/vuelta-a-espana/2025/stage-1,1,0,0
rider/koen-bouwman,BOUWMAN Koen,race/vuelta-a-espana/2025/stage-2,2,0,0
rider/koen-bouwman,BOUWMAN Koen,race/vuelta-a-espana/2025/stage-3,3,0,0
rider/koen-bouwman,BOUWMAN Koen,race/vuelta-a-espana/2025/stage-4,4,0,0
rider/koen-bouwman,BOUWMAN Koen,race/vuelta-a-espana/2025/stage-5,5,0,0
rider/koen-bouwman,BOUWMAN Koen,race/vuelta-a-espana/2025/stage-6,6,0,0
rider/lars-craps,CRAPS Lars,race/vuelta-a-espana/2025/stage-1,1,0,0
rider/lars-craps,CRAPS Lars,race/vuelta-a-espana/2025/stage-2,2,0,0
rider/lars-craps,CRAPS Lars,race/vuelta-a-espana/2025/stage-3,3,0,0
rider/lars-craps,CRAPS Lars,race/vuelta-a-espana/2025/stage-4,4,0,0
rider/lars-craps,CRAPS Lars,race/vuelta-a-espana/2025/stage-5,5,1,1
rider/lars-craps,CRAPS Lars,race/vuelta-a-espana/2025/stage-6,6,0,1
rider/leandre-lozouet,LOZOUET Léandre,race/vuelta-a-espana/2025/stage-1,1,0,0
rider/leandre-lozouet,LOZOUET Léandre,race/vuelta-a-espana/2025/stage-2,2,0,0
rider/leandre-lozouet,LOZOUET Léandre,race/vuelta-a-espana/2025/stage-3,3,0,0
rider/leandre-lozouet,LOZOUET Léandre,race/vuelta-a-espana/2025/stage-4,4,0,0
rider/leandre-lozouet,LOZOUET Léandre,race/vuelta-a-espana/2025/stage-5,5,0,0
rider/leandre-lozouet,LOZOUET Léandre,race/vuelta-a-espana/2025/stage-6,6,0,0
rider/leo-bisiaux,BISIAUX Léo,race/vuelta-a-espana/2025/stage-1,1,0,0
rider/leo-bisiaux,BISIAUX Léo,race/vuelta-a-espana/2025/stage-2,2,0,0
rider/leo-bisiaux,BISIAUX Léo,race/vuelta-a-espana/2025/stage-3,3,0,0
rider/leo-bisiaux,BISIAUX Léo,race/vuelta-a-espana/2025/stage-4,4,0,0
rider/leo-bisiaux,BISIAUX Léo,race/vuelta-a-espana/2025/stage-5,5,4,4
rider/leo-bisiaux,BISIAUX Léo,race/vuelta-a-espana/2025/stage-6,6,0,4
rider/liam-slock,SLOCK Liam,race/vuelta-a-espana/2025/stage-1,1,0,0
rider/liam-slock,SLOCK Liam,race/vuelta-a-espana/2025/stage-2,2,0,0
rider/liam-slock,SLOCK Liam,race/vuelta-a-espana/2025/stage-3,3,0,0
rider/liam-slock,SLOCK Liam,race/vuelta-a-espana/2025/stage-4,4,0,0
rider/liam-slock,SLOCK Liam,race/vuelta-a-espana/2025/stage-5,5,1,1
rider/liam-slock,SLOCK Liam,race/vuelta-a-espana/2025/stage-6,6,0,1
rider/lorenzo-fortunato,FORTUNATO Lorenzo,race/vuelta-a-espana/2025/stage-1,1,0,0
rider/lorenzo-fortunato,FORTUNATO Lorenzo,race/vuelta-a-espana/2025/stage-2,2,0,0
rider/lorenzo-fortunato,FORTUNATO Lorenzo,race/vuelta-a-espana/2025/stage-3,3,0,0
rider/lorenzo-fortunato,FORTUNATO Lorenzo,race/vuelta-a-espana/2025/stage-4,4,0,0
rider/lorenzo-fortunato,FORTUNATO Lorenzo,race/vuelta-a-espana/2025/stage-5,5,0,0
rider/lorenzo-fortunato,FORTUNATO Lorenzo,race/vuelta-a-espana/2025/stage-6,6,22,22
rider/louis-meintjes,MEINTJES Louis,race/vuelta-a-espana/2025/stage-1,1,0,0
rider/louis-meintjes,MEINTJES Louis,race/vuelta-a-espana/2025/stage-2,2,0,0
rider/louis-meintjes,MEINTJES Louis,race/vuelta-a-espana/2025/stage-3,3,0,0
rider/louis-meintjes,MEINTJES Louis,race/vuelta-a-espana/2025/stage-4,4,0,0
rider/louis-meintjes,MEINTJES Louis,race/vuelta-a-espana/2025/stage-5,5,0,0
rider/louis-meintjes,MEINTJES Louis,race/vuelta-a-espana/2025/stage-6,6,0,0
rider/louis-rouland,ROULAND Louis,race/vuelta-a-espana/2025/stage-1,1,0,0
rider/louis-rouland,ROULAND Louis,race/vuelta-a-espana/2025/stage-2,2,0,0
rider/louis-rouland,ROULAND Louis,race/vuelta-a-espana/2025/stage-3,3,0,0
rider/louis-rouland,ROULAND Louis,race/vuelta-a-espana/2025/stage-4,4,0,0
rider/louis-rouland,ROULAND Louis,race/vuelta-a-espana/2025/stage-5,5,0,0
rider/louis-rouland,ROULAND Louis,race/vuelta-a-espana/2025/stage-6,6,0,0
rider/louis-vervaeke,VERVAEKE Louis,race/vuelta-a-espana/2025/stage-1,1,0,0
rider/louis-vervaeke,VERVAEKE Louis,race/vuelta-a-espana/2025/stage-2,2,0,0
rider/louis-vervaeke,VERVAEKE Louis,race/vuelta-a-espana/2025/stage-3,3,0,0
rider/louis-vervaeke,VERVAEKE Louis,race/vuelta-a-espana/2025/stage-4,4,0,0
rider/louis-vervaeke,VERVAEKE Louis,race/vuelta-a-espana/2025/stage-5,5,0,0
rider/louis-vervaeke,VERVAEKE Louis,race/vuelta-a-espana/2025/stage-6,6,10,10
rider/luca-van-boven,VAN BOVEN Luca,race/vuelta-a-espana/2025/stage-1,1,0,0
rider/luca-van-boven,VAN BOVEN Luca,race/vuelta-a-espana/2025/stage-2,2,0,0
rider/luca-van-boven,VAN BOVEN Luca,race/vuelta-a-espana/2025/stage-3,3,0,0
rider/luca-van-boven,VAN BOVEN Luca,race/vuelta-a-espana/2025/stage-4,4,0,0
rider/luca-van-boven,VAN BOVEN Luca,race/vuelta-a-espana/2025/stage-5,5,0,0
rider/luca-van-boven,VAN BOVEN Luca,race/vuelta-a-espana/2025/stage-6,6,0,0
rider/luca-vergallito,VERGALLITO Luca,race/vuelta-a-espana/2025/stage-1,1,0,0
rider/luca-vergallito,VERGALLITO Luca,race/vuelta-a-espana/2025/stage-2,2,0,0
rider/luca-vergallito,VERGALLITO Luca,race/vuelta-a-espana/2025/stage-3,3,0,0
rider/luca-vergallito,VERGALLITO Luca,race/vuelta-a-espana/2025/stage-4,4,0,0
rider/luca-vergallito,VERGALLITO Luca,race/vuelta-a-espana/2025/stage-5,5,0,0
rider/luca-vergallito,VERGALLITO Luca,race/vuelta-a-espana/2025/stage-6,6,0,0
rider/lucas-hamilton,HAMILTON Lucas,race/vuelta-a-espana/2025/stage-1,1,0,0
rider/lucas-hamilton,HAMILTON Lucas,race/vuelta-a-espana/2025/stage-2,2,0,0
rider/lucas-hamilton,HAMILTON Lucas,race/vuelta-a-espana/2025/stage-3,3,0,0
rider/lucas-hamilton,HAMILTON Lucas,race/vuelta-a-espana/2025/stage-4,4,0,0
rider/lucas-hamilton,HAMILTON Lucas,race/vuelta-a-espana/2025/stage-5,5,0,0
rider/lucas-hamilton,HAMILTON Lucas,race/vuelta-a-espana/2025/stage-6,6,0,0
rider/lukas-nerurkar,NERURKAR Lukas,race/vuelta-a-espana/2025/stage-1,1,0,0
rider/lukas-nerurkar,NERURKAR Lukas,race/vuelta-a-espana/2025/stage-2,2,0,0
rider/lukas-nerurkar,NERURKAR Lukas,race/vuelta-a-espana/2025/stage-3,3,0,0
rider/lukas-nerurkar,NERURKAR Lukas,race/vuelta-a-espana/2025/stage-4,4,0,0
rider/lukas-nerurkar,NERURKAR Lukas,race/vuelta-a-espana/2025/stage-5,5,0,0
rider/lukas-nerurkar,NERURKAR Lukas,race/vuelta-a-espana/2025/stage-6,6,0,0
rider/madis-mihkels,MIHKELS Madis,race/vuelta-a-espana/2025/stage-1,1,2,2
rider/madis-mihkels,MIHKELS Madis,race/vuelta-a-espana/2025/stage-2,2,0,2
rider/madis-mihkels,MIHKELS Madis,race/vuelta-a-espana/2025/stage-3,3,0,2
rider/madis-mihkels,MIHKELS Madis,race/vuelta-a-espana/2025/stage-4,4,0,2
rider/madis-mihkels,MIHKELS Madis,race/vuelta-a-espana/2025/stage-5,5,0,2
rider/madis-mihkels,MIHKELS Madis,race/vuelta-a-espana/2025/stage-6,6,0,2
rider/mads-pedersen,PEDERSEN Mads,race/vuelta-a-espana/2025/stage-1,1,0,0
rider/mads-pedersen,PEDERSEN Mads,race/vuelta-a-espana/2025/stage-2,2,0,0
rider/mads-pedersen,PEDERSEN Mads,race/vuelta-a-espana/2025/stage-3,3,25,25
rider/mads-pedersen,PEDERSEN Mads,race/vuelta-a-espana/2025/stage-4,4,13,38
rider/mads-pedersen,PEDERSEN Mads,race/vuelta-a-espana/2025/stage-5,5,13,51
rider/mads-pedersen,PEDERSEN Mads,race/vuelta-a-espana/2025/stage-6,6,3,54
rider/magnus-sheffield,SHEFFIELD Magnus,race/vuelta-a-espana/2025/stage-1,1,0,0
rider/magnus-sheffield,SHEFFIELD Magnus,race/vuelta-a-espana/2025/stage-2,2,0,0
rider/magnus-sheffield,SHEFFIELD Magnus,race/vuelta-a-espana/2025/stage-3,3,0,0
rider/magnus-sheffield,SHEFFIELD Magnus,race/vuelta-a-espana/2025/stage-4,4,0,0
rider/magnus-sheffield,SHEFFIELD Magnus,race/vuelta-a-espana/2025/stage-5,5,6,6
rider/magnus-sheffield,SHEFFIELD Magnus,race/vuelta-a-espana/2025/stage-6,6,0,6
rider/marc-soler,SOLER Marc,race/vuelta-a-espana/2025/stage-1,1,0,0
rider/marc-soler,SOLER Marc,race/vuelta-a-espana/2025/stage-2,2,0,0
rider/marc-soler,SOLER Marc,race/vuelta-a-espana/2025/stage-3,3,0,0
rider/marc-soler,SOLER Marc,race/vuelta-a-espana/2025/stage-4,4,0,0
rider/marc-soler,SOLER Marc,race/vuelta-a-espana/2025/stage-5,5,15,15
rider/marc-soler,SOLER Marc,race/vuelta-a-espana/2025/stage-6,6,0,15
rider/marcel-camprubi,CAMPRUBÍ Marcel,race/vuelta-a-espana/2025/stage-1,1,0,0
rider/marcel-camprubi,CAMPRUBÍ Marcel,race/vuelta-a-espana/2025/stage-2,2,0,0
rider/marcel-camprubi,CAMPRUBÍ Marcel,race/vuelta-a-espana/2025/stage-3,3,0,0
rider/marcel-camprubi,CAMPRUBÍ Marcel,race/vuelta-a-espana/2025/stage-4,4,0,0
rider/marcel-camprubi,CAMPRUBÍ Marcel,race/vuelta-a-espana/2025/stage-5,5,3,3
rider/marcel-camprubi,CAMPRUBÍ Marcel,race/vuelta-a-espana/2025/stage-6,6,0,3
rider/marco-frigo,FRIGO Marco,race/vuelta-a-espana/2025/stage-1,1,0,0
rider/marco-frigo,FRIGO Marco,race/vuelta-a-espana/2025/stage-2,2,0,0
rider/marco-frigo,FRIGO Marco,race/vuelta-a-espana/2025/stage-3,3,0,0
rider/marco-frigo,FRIGO Marco,race/vuelta-a-espana/2025/stage-4,4,1,1
rider/marco-frigo,FRIGO Marco,race/vuelta-a-espana/2025/stage-5,5,0,1
rider/marco-frigo,FRIGO Marco,race/vuelta-a-espana/2025/stage-6,6,0,1
rider/mario-aparicio-munoz,APARICIO Mario,race/vuelta-a-espana/2025/stage-1,1,0,0
rider/mario-aparicio-munoz,APARICIO Mario,race/vuelta-a-espana/2025/stage-2,2,0,0
rider/mario-aparicio-munoz,APARICIO Mario,race/vuelta-a-espana/2025/stage-3,3,0,0
rider/mario-aparicio-munoz,APARICIO Mario,race/vuelta-a-espana/2025/stage-4,4,0,0
rider/mario-aparicio-munoz,APARICIO Mario,race/vuelta-a-espana/2025/stage-5,5,0,0
rider/mario-aparicio-munoz,APARICIO Mario,race/vuelta-a-espana/2025/stage-6,6,0,0
rider/markel-beloki,BELOKI Markel,race/vuelta-a-espana/2025/stage-1,1,0,0
rider/markel-beloki,BELOKI Markel,race/vuelta-a-espana/2025/stage-2,2,0,0
rider/markel-beloki,BELOKI Markel,race/vuelta-a-espana/2025/stage-3,3,0,0
rider/markel-beloki,BELOKI Markel,race/vuelta-a-espana/2025/stage-4,4,0,0
rider/markel-beloki,BELOKI Markel,race/vuelta-a-espana/2025/stage-5,5,0,0
rider/markel-beloki,BELOKI Markel,race/vuelta-a-espana/2025/stage-6,6,0,0
rider/mathijs-paasschens,PAASSCHENS Mathijs,race/vuelta-a-espana/2025/stage-1,1,0,0
rider/mathijs-paasschens,PAASSCHENS Mathijs,race/vuelta-a-espana/2025/stage-2,2,0,0
rider/mathijs-paasschens,PAASSCHENS Mathijs,race/vuelta-a-espana/2025/stage-3,3,0,0
rider/mathijs-paasschens,PAASSCHENS Mathijs,race/vuelta-a-espana/2025/stage-4,4,0,0
rider/mathijs-paasschens,PAASSCHENS Mathijs,race/vuelta-a-espana/2025/stage-5,5,0,0
rider/mathijs-paasschens,PAASSCHENS Mathijs,race/vuelta-a-espana/2025/stage-6,6,0,0
rider/matteo-jorgenson,JORGENSON Matteo,race/vuelta-a-espana/2025/stage-1,1,0,0
rider/matteo-jorgenson,JORGENSON Matteo,race/vuelta-a-espana/2025/stage-2,2,4,4
rider/matteo-jorgenson,JORGENSON Matteo,race/vuelta-a-espana/2025/stage-3,3,0,4
rider/matteo-jorgenson,JORGENSON Matteo,race/vuelta-a-espana/2025/stage-4,4,0,4
rider/matteo-jorgenson,JORGENSON Matteo,race/vuelta-a-espana/2025/stage-5,5,12,16
rider/matteo-jorgenson,JORGENSON Matteo,race/vuelta-a-espana/2025/stage-6,6,0,16
rider/matteo-sobrero,SOBRERO Matteo,race/vuelta-a-espana/2025/stage-1,1,0,0
rider/matteo-sobrero,SOBRERO Matteo,race/vuelta-a-espana/2025/stage-2,2,0,0
rider/matteo-sobrero,SOBRERO Matteo,race/vuelta-a-espana/2025/stage-3,3,0,0
rider/matteo-sobrero,SOBRERO Matteo,race/vuelta-a-espana/2025/stage-4,4,0,0
rider/matteo-sobrero,SOBRERO Matteo,race/vuelta-a-espana/2025/stage-5,5,7,7
rider/matteo-sobrero,SOBRERO Matteo,race/vuelta-a-espana/2025/stage-6,6,0,7
rider/matthew-riccitello,RICCITELLO Matthew,race/vuelta-a-espana/2025/stage-1,1,0,0
rider/matthew-riccitello,RICCITELLO Matthew,race/vuelta-a-espana/2025/stage-2,2,0,0
rider/matthew-riccitello,RICCITELLO Matthew,race/vuelta-a-espana/2025/stage-3,3,0,0
rider/matthew-riccitello,RICCITELLO Matthew,race/vuelta-a-espana/2025/stage-4,4,0,0
rider/matthew-riccitello,RICCITELLO Matthew,race/vuelta-a-espana/2025/stage-5,5,0,0
rider/matthew-riccitello,RICCITELLO Matthew,race/vuelta-a-espana/2025/stage-6,6,2,2
rider/mauri-vansevenant,VANSEVENANT Mauri,race/vuelta-a-espana/2025/stage-1,1,0,0
rider/mauri-vansevenant,VANSEVENANT Mauri,race/vuelta-a-espana/2025/stage-2,2,0,0
rider/mauri-vansevenant,VANSEVENANT Mauri,race/vuelta-a-espana/2025/stage-3,3,0,0
rider/mauri-vansevenant,VANSEVENANT Mauri,race/vuelta-a-espana/2025/stage-4,4,0,0
rider/mauri-vansevenant,VANSEVENANT Mauri,race/vuelta-a-espana/2025/stage-5,5,0,0
rider/mauri-vansevenant,VANSEVENANT Mauri,race/vuelta-a-espana/2025/stage-6,6,0,0
rider/maximilian-schachmann,SCHACHMANN Maximilian,race/vuelta-a-espana/2025/stage-1,1,0,0
rider/maximilian-schachmann,SCHACHMANN Maximilian,race/vuelta-a-espana/2025/stage-2,2,0,0
rider/maximilian-schachmann,SCHACHMANN Maximilian,race/vuelta-a-espana/2025/stage-3,3,0,0
rider/maximilian-schachmann,SCHACHMANN Maximilian,race/vuelta-a-espana/2025/stage-4,4,0,0
rider/maximilian-schachmann,SCHACHMANN Maximilian,race/vuelta-a-espana/2025/stage-5,5,0,0
rider/maximilian-schachmann,SCHACHMANN Maximilian,race/vuelta-a-espana/2025/stage-6,6,0,0
rider/michal-kwiatkowski,KWIATKOWSKI Michał,race/vuelta-a-espana/2025/stage-1,1,0,0
rider/michal-kwiatkowski,KWIATKOWSKI Michał,race/vuelta-a-espana/2025/stage-2,2,0,0
rider/michal-kwiatkowski,KWIATKOWSKI Michał,race/vuelta-a-espana/2025/stage-3,3,0,0
rider/michal-kwiatkowski,KWIATKOWSKI Michał,race/vuelta-a-espana/2025/stage-4,4,0,0
rider/michal-kwiatkowski,KWIATKOWSKI Michał,race/vuelta-a-espana/2025/stage-5,5,6,6
rider/michal-kwiatkowski,KWIATKOWSKI Michał,race/vuelta-a-espana/2025/stage-6,6,0,6
rider/michel-hessmann,HESSMANN Michel,race/vuelta-a-espana/2025/stage-1,1,0,0
rider/michel-hessmann,HESSMANN Michel,race/vuelta-a-espana/2025/stage-2,2,0,0
rider/michel-hessmann,HESSMANN Michel,race/vuelta-a-espana/2025/stage-3,3,0,0
rider/michel-hessmann,HESSMANN Michel,race/vuelta-a-espana/2025/stage-4,4,0,0
rider/michel-hessmann,HESSMANN Michel,race/vuelta-a-espana/2025/stage-5,5,5,5
rider/michel-hessmann,HESSMANN Michel,race/vuelta-a-espana/2025/stage-6,6,0,5
rider/mikel-landa,LANDA Mikel,race/vuelta-a-espana/2025/stage-1,1,0,0
rider/mikel-landa,LANDA Mikel,race/vuelta-a-espana/2025/stage-2,2,0,0
rider/mikel-landa,LANDA Mikel,race/vuelta-a-espana/2025/stage-3,3,0,0
rider/mikel-landa,LANDA Mikel,race/vuelta-a-espana/2025/stage-4,4,0,0
rider/mikel-landa,LANDA Mikel,race/vuelta-a-espana/2025/stage-5,5,0,0
rider/mikel-landa,LANDA Mikel,race/vuelta-a-espana/2025/stage-6,6,0,0
rider/mikkel-bjerg,BJERG Mikkel,race/vuelta-a-espana/2025/stage-1,1,0,0
rider/mikkel-bjerg,BJERG Mikkel,race/vuelta-a-espana/2025/stage-2,2,0,0
rider/mikkel-bjerg,BJERG Mikkel,race/vuelta-a-espana/2025/stage-3,3,0,0
rider/mikkel-bjerg,BJERG Mikkel,race/vuelta-a-espana/2025/stage-4,4,0,0
rider/mikkel-bjerg,BJERG Mikkel,race/vuelta-a-espana/2025/stage-5,5,15,15
rider/mikkel-bjerg,BJERG Mikkel,race/vuelta-a-espana/2025/stage-6,6,0,15
rider/nadav-raisberg,RAISBERG Nadav,race/vuelta-a-espana/2025/stage-1,1,0,0
rider/nadav-raisberg,RAISBERG Nadav,race/vuelta-a-espana/2025/stage-2,2,0,0
rider/nadav-raisberg,RAISBERG Nadav,race/vuelta-a-espana/2025/stage-3,3,0,0
rider/nadav-raisberg,RAISBERG Nadav,race/vuelta-a-espana/2025/stage-4,4,0,0
rider/nadav-raisberg,RAISBERG Nadav,race/vuelta-a-espana/2025/stage-5,5,0,0
rider/nadav-raisberg,RAISBERG Nadav,race/vuelta-a-espana/2025/stage-6,6,0,0
rider/nans-peters,PETERS Nans,race/vuelta-a-espana/2025/stage-1,1,0,0
rider/nans-peters,PETERS Nans,race/vuelta-a-espana/2025/stage-2,2,0,0
rider/nans-peters,PETERS Nans,race/vuelta-a-espana/2025/stage-3,3,0,0
rider/nans-peters,PETERS Nans,race/vuelta-a-espana/2025/stage-4,4,0,0
rider/nans-peters,PETERS Nans,race/vuelta-a-espana/2025/stage-5,5,4,4
rider/nans-peters,PETERS Nans,race/vuelta-a-espana/2025/stage-6,6,0,4
rider/nickolas-zukowsky,ZUKOWSKY Nickolas,race/vuelta-a-espana/2025/stage-1,1,0,0
rider/nickolas-zukowsky,ZUKOWSKY Nickolas,race/vuelta-a-espana/2025/stage-2,2,0,0
rider/nickolas-zukowsky,ZUKOWSKY Nickolas,race/vuelta-a-espana/2025/stage-3,3,0,0
rider/nickolas-zukowsky,ZUKOWSKY Nickolas,race/vuelta-a-espana/2025/stage-4,4,0,0
rider/nickolas-zukowsky,ZUKOWSKY Nickolas,race/vuelta-a-espana/2025/stage-5,5,3,3
rider/nickolas-zukowsky,ZUKOWSKY Nickolas,race/vuelta-a-espana/2025/stage-6,6,0,3
rider/nico-denz,DENZ Nico,race/vuelta-a-espana/2025/stage-1,1,0,0
rider/nico-denz,DENZ Nico,race/vuelta-a-espana/2025/stage-2,2,0,0
rider/nico-denz,DENZ Nico,race/vuelta-a-espana/2025/stage-3,3,0,0
rider/nico-denz,DENZ Nico,race/vuelta-a-espana/2025/stage-4,4,0,0
rider/nico-denz,DENZ Nico,race/vuelta-a-espana/2025/stage-5,5,7,7
rider/nico-denz,DENZ Nico,race/vuelta-a-espana/2025/stage-6,6,0,7
rider/nicola-conci,CONCI Nicola,race/vuelta-a-espana/2025/stage-1,1,0,0
rider/nicola-conci,CONCI Nicola,race/vuelta-a-espana/2025/stage-2,2,0,0
rider/nicola-conci,CONCI Nicola,race/vuelta-a-espana/2025/stage-3,3,0,0
rider/nicola-conci,CONCI Nicola,race/vuelta-a-espana/2025/stage-4,4,0,0
rider/nicola-conci,CONCI Nicola,race/vuelta-a-espana/2025/stage-5,5,0,0
rider/nicola-conci,CONCI Nicola,race/vuelta-a-espana/2025/stage-6,6,0,0
rider/nicolas-vinokurov,VINOKUROV Nicolas,race/vuelta-a-espana/2025/stage-1,1,2,2
rider/nicolas-vinokurov,VINOKUROV Nicolas,race/vuelta-a-espana/2025/stage-2,2,0,2
rider/nicolas-vinokurov,VINOKUROV Nicolas,race/vuelta-a-espana/2025/stage-3,3,0,2
rider/nicolas-vinokurov,VINOKUROV Nicolas,race/vuelta-a-espana/2025/stage-4,4,0,2
rider/nicolas-vinokurov,VINOKUROV Nicolas,race/vuelta-a-espana/2025/stage-5,5,0,2
rider/nicolas-vinokurov,VINOKUROV Nicolas,race/vuelta-a-espana/2025/stage-6,6,0,2
rider/nicolo-buratti,BURATTI Nicolò,race/vuelta-a-espana/2025/stage-1,1,0,0
rider/nicolo-buratti,BURATTI Nicolò,race/vuelta-a-espana/2025/stage-2,2,0,0
rider/nicolo-buratti,BURATTI Nicolò,race/vuelta-a-espana/2025/stage-3,3,0,0
rider/nicolo-buratti,BURATTI Nicolò,race/vuelta-a-espana/2025/stage-4,4,2,2
rider/nicolo-buratti,BURATTI Nicolò,race/vuelta-a-espana/2025/stage-5,5,0,2
rider/nicolo-buratti,BURATTI Nicolò,race/vuelta-a-espana/2025/stage-6,6,0,2
rider/oliver-knight,KNIGHT Oliver,race/vuelta-a-espana/2025/stage-1,1,0,0
rider/oliver-knight,KNIGHT Oliver,race/vuelta-a-espana/2025/stage-2,2,0,0
rider/oliver-knight,KNIGHT Oliver,race/vuelta-a-espana/2025/stage-3,3,0,0
rider/oliver-knight,KNIGHT Oliver,race/vuelta-a-espana/2025/stage-4,4,0,0
rider/oliver-knight,KNIGHT Oliver,race/vuelta-a-espana/2025/stage-5,5,0,0
rider/oliver-knight,KNIGHT Oliver,race/vuelta-a-espana/2025/stage-6,6,0,0
rider/orluis-aular,AULAR Orluis,race/vuelta-a-espana/2025/stage-1,1,20,20
rider/orluis-aular,AULAR Orluis,race/vuelta-a-espana/2025/stage-2,2,0,20
rider/orluis-aular,AULAR Orluis,race/vuelta-a-espana/2025/stage-3,3,10,30
rider/orluis-aular,AULAR Orluis,race/vuelta-a-espana/2025/stage-4,4,6,36
rider/orluis-aular,AULAR Orluis,race/vuelta-a-espana/2025/stage-5,5,5,41
rider/orluis-aular,AULAR Orluis,race/vuelta-a-espana/2025/stage-6,6,0,41
rider/oscar-riesebeek,RIESEBEEK Oscar,race/vuelta-a-espana/2025/stage-1,1,0,0
rider/oscar-riesebeek,RIESEBEEK Oscar,race/vuelta-a-espana/2025/stage-2,2,0,0
rider/oscar-riesebeek,RIESEBEEK Oscar,race/vuelta-a-espana/2025/stage-3,3,0,0
rider/oscar-riesebeek,RIESEBEEK Oscar,race/vuelta-a-espana/2025/stage-4,4,0,0
rider/oscar-riesebeek,RIESEBEEK Oscar,race/vuelta-a-espana/2025/stage-5,5,0,0
rider/oscar-riesebeek,RIESEBEEK Oscar,race/vuelta-a-espana/2025/stage-6,6,0,0
rider/pablo-castrillo-zapater,CASTRILLO Pablo,race/vuelta-a-espana/2025/stage-1,1,0,0
rider/pablo-castrillo-zapater,CASTRILLO Pablo,race/vuelta-a-espana/2025/stage-2,2,0,0
rider/pablo-castrillo-zapater,CASTRILLO Pablo,race/vuelta-a-espana/2025/stage-3,3,0,0
rider/pablo-castrillo-zapater,CASTRILLO Pablo,race/vuelta-a-espana/2025/stage-4,4,0,0
rider/pablo-castrillo-zapater,CASTRILLO Pablo,race/vuelta-a-espana/2025/stage-5,5,5,5
rider/pablo-castrillo-zapater,CASTRILLO Pablo,race/vuelta-a-espana/2025/stage-6,6,12,17
rider/patrick-eddy,EDDY Patrick,race/vuelta-a-espana/2025/stage-1,1,0,0
rider/patrick-eddy,EDDY Patrick,race/vuelta-a-espana/2025/stage-2,2,0,0
rider/patrick-eddy,EDDY Patrick,race/vuelta-a-espana/2025/stage-3,3,0,0
rider/patrick-eddy,EDDY Patrick,race/vuelta-a-espana/2025/stage-4,4,0,0
rider/patrick-eddy,EDDY Patrick,race/vuelta-a-espana/2025/stage-5,5,0,0
rider/patrick-eddy,EDDY Patrick,race/vuelta-a-espana/2025/stage-6,6,0,0
rider/patrick-gamper,GAMPER Patrick,race/vuelta-a-espana/2025/stage-1,1,0,0
rider/patrick-gamper,GAMPER Patrick,race/vuelta-a-espana/2025/stage-2,2,0,0
rider/patrick-gamper,GAMPER Patrick,race/vuelta-a-espana/2025/stage-3,3,0,0
rider/patrick-gamper,GAMPER Patrick,race/vuelta-a-espana/2025/stage-4,4,0,0
rider/patrick-gamper,GAMPER Patrick,race/vuelta-a-espana/2025/stage-5,5,0,0
rider/patrick-gamper,GAMPER Patrick,race/vuelta-a-espana/2025/stage-6,6,0,0
rider/paul-ourselin,OURSELIN Paul,race/vuelta-a-espana/2025/stage-1,1,0,0
rider/paul-ourselin,OURSELIN Paul,race/vuelta-a-espana/2025/stage-2,2,0,0
rider/paul-ourselin,OURSELIN Paul,race/vuelta-a-espana/2025/stage-3,3,0,0
rider/paul-ourselin,OURSELIN Paul,race/vuelta-a-espana/2025/stage-4,4,0,0
rider/paul-ourselin,OURSELIN Paul,race/vuelta-a-espana/2025/stage-5,5,0,0
rider/paul-ourselin,OURSELIN Paul,race/vuelta-a-espana/2025/stage-6,6,0,0
rider/pepijn-reinderink,REINDERINK Pepijn,race/vuelta-a-espana/2025/stage-1,1,5,5
rider/pepijn-reinderink,REINDERINK Pepijn,race/vuelta-a-espana/2025/stage-2,2,0,5
rider/pepijn-reinderink,REINDERINK Pepijn,race/vuelta-a-espana/2025/stage-3,3,0,5
rider/pepijn-reinderink,REINDERINK Pepijn,race/vuelta-a-espana/2025/stage-4,4,0,5
rider/pepijn-reinderink,REINDERINK Pepijn,race/vuelta-a-espana/2025/stage-5,5,0,5
rider/pepijn-reinderink,REINDERINK Pepijn,race/vuelta-a-espana/2025/stage-6,6,0,5
rider/pier-andre-cote,CÔTÉ Pier-André,race/vuelta-a-espana/2025/stage-1,1,0,0
rider/pier-andre-cote,CÔTÉ Pier-André,race/vuelta-a-espana/2025/stage-2,2,0,0
rider/pier-andre-cote,CÔTÉ Pier-André,race/vuelta-a-espana/2025/stage-3,3,0,0
rider/pier-andre-cote,CÔTÉ Pier-André,race/vuelta-a-espana/2025/stage-4,4,0,0
rider/pier-andre-cote,CÔTÉ Pier-André,race/vuelta-a-espana/2025/stage-5,5,0,0
rider/pier-andre-cote,CÔTÉ Pier-André,race/vuelta-a-espana/2025/stage-6,6,0,0
rider/pierre-thierry,THIERRY Pierre,race/vuelta-a-espana/2025/stage-1,1,0,0
rider/pierre-thierry,THIERRY Pierre,race/vuelta-a-espana/2025/stage-2,2,0,0
rider/pierre-thierry,THIERRY Pierre,race/vuelta-a-espana/2025/stage-3,3,0,0
rider/pierre-thierry,THIERRY Pierre,race/vuelta-a-espana/2025/stage-4,4,0,0
rider/pierre-thierry,THIERRY Pierre,race/vuelta-a-espana/2025/stage-5,5,0,0
rider/pierre-thierry,THIERRY Pierre,race/vuelta-a-espana/2025/stage-6,6,0,0
rider/ramses-debruyne,DEBRUYNE Ramses,race/vuelta-a-espana/2025/stage-1,1,0,0
rider/ramses-debruyne,DEBRUYNE Ramses,race/vuelta-a-espana/2025/stage-2,2,0,0
rider/ramses-debruyne,DEBRUYNE Ramses,race/vuelta-a-espana/2025/stage-3,3,0,0
rider/ramses-debruyne,DEBRUYNE Ramses,race/vuelta-a-espana/2025/stage-4,4,0,0
rider/ramses-debruyne,DEBRUYNE Ramses,race/vuelta-a-espana/2025/stage-5,5,0,0
rider/ramses-debruyne,DEBRUYNE Ramses,race/vuelta-a-espana/2025/stage-6,6,6,6
rider/raul-garcia-pierna,GARCÍA PIERNA Raúl,race/vuelta-a-espana/2025/stage-1,1,0,0
rider/raul-garcia-pierna,GARCÍA PIERNA Raúl,race/vuelta-a-espana/2025/stage-2,2,0,0
rider/raul-garcia-pierna,GARCÍA PIERNA Raúl,race/vuelta-a-espana/2025/stage-3,3,0,0
rider/raul-garcia-pierna,GARCÍA PIERNA Raúl,race/vuelta-a-espana/2025/stage-4,4,0,0
rider/raul-garcia-pierna,GARCÍA PIERNA Raúl,race/vuelta-a-espana/2025/stage-5,5,0,0
rider/raul-garcia-pierna,GARCÍA PIERNA Raúl,race/vuelta-a-espana/2025/stage-6,6,0,0
rider/remi-cavagna,CAVAGNA Rémi,race/vuelta-a-espana/2025/stage-1,1,0,0
rider/remi-cavagna,CAVAGNA Rémi,race/vuelta-a-espana/2025/stage-2,2,0,0
rider/remi-cavagna,CAVAGNA Rémi,race/vuelta-a-espana/2025/stage-3,3,0,0
rider/remi-cavagna,CAVAGNA Rémi,race/vuelta-a-espana/2025/stage-4,4,0,0
rider/remi-cavagna,CAVAGNA Rémi,race/vuelta-a-espana/2025/stage-5,5,2,2
rider/remi-cavagna,CAVAGNA Rémi,race/vuelta-a-espana/2025/stage-6,6,0,2
rider/roman-ermakov,ERMAKOV Roman,race/vuelta-a-espana/2025/stage-1,1,0,0
rider/roman-ermakov,ERMAKOV Roman,race/vuelta-a-espana/2025/stage-2,2,0,0
rider/roman-ermakov,ERMAKOV Roman,race/vuelta-a-espana/2025/stage-3,3,0,0
rider/roman-ermakov,ERMAKOV Roman,race/vuelta-a-espana/2025/stage-4,4,0,0
rider/roman-ermakov,ERMAKOV Roman,race/vuelta-a-espana/2025/stage-5,5,0,0
rider/roman-ermakov,ERMAKOV Roman,race/vuelta-a-espana/2025/stage-6,6,0,0
rider/rudy-molard,MOLARD Rudy,race/vuelta-a-espana/2025/stage-1,1,0,0
rider/rudy-molard,MOLARD Rudy,race/vuelta-a-espana/2025/stage-2,2,0,0
rider/rudy-molard,MOLARD Rudy,race/vuelta-a-espana/2025/stage-3,3,0,0
rider/rudy-molard,MOLARD Rudy,race/vuelta-a-espana/2025/stage-4,4,0,0
rider/rudy-molard,MOLARD Rudy,race/vuelta-a-espana/2025/stage-5,5,2,2
rider/rudy-molard,MOLARD Rudy,race/vuelta-a-espana/2025/stage-6,6,0,2
rider/sander-de-pestel,DE PESTEL Sander,race/vuelta-a-espana/2025/stage-1,1,0,0
rider/sander-de-pestel,DE PESTEL Sander,race/vuelta-a-espana/2025/stage-2,2,0,0
rider/sander-de-pestel,DE PESTEL Sander,race/vuelta-a-espana/2025/stage-3,3,0,0
rider/sander-de-pestel,DE PESTEL Sander,race/vuelta-a-espana/2025/stage-4,4,0,0
rider/sander-de-pestel,DE PESTEL Sander,race/vuelta-a-espana/2025/stage-5,5,4,4
rider/sander-de-pestel,DE PESTEL Sander,race/vuelta-a-espana/2025/stage-6,6,0,4
rider/santiago-buitrago-sanchez,BUITRAGO Santiago,race/vuelta-a-espana/2025/stage-1,1,0,0
rider/santiago-buitrago-sanchez,BUITRAGO Santiago,race/vuelta-a-espana/2025/stage-2,2,0,0
rider/santiago-buitrago-sanchez,BUITRAGO Santiago,race/vuelta-a-espana/2025/stage-3,3,8,8
rider/santiago-buitrago-sanchez,BUITRAGO Santiago,race/vuelta-a-espana/2025/stage-4,4,0,8
rider/santiago-buitrago-sanchez,BUITRAGO Santiago,race/vuelta-a-espana/2025/stage-5,5,0,8
rider/santiago-buitrago-sanchez,BUITRAGO Santiago,race/vuelta-a-espana/2025/stage-6,6,0,8
rider/sean-quinn,QUINN Sean,race/vuelta-a-espana/2025/stage-1,1,0,0
rider/sean-quinn,QUINN Sean,race/vuelta-a-espana/2025/stage-2,2,0,0
rider/sean-quinn,QUINN Sean,race/vuelta-a-espana/2025/stage-3,3,0,0
rider/sean-quinn,QUINN Sean,race/vuelta-a-espana/2025/stage-4,4,2,2
rider/sean-quinn,QUINN Sean,race/vuelta-a-espana/2025/stage-5,5,2,4
rider/sean-quinn,QUINN Sean,race/vuelta-a-espana/2025/stage-6,6,0,4
rider/sepp-kuss,KUSS Sepp,race/vuelta-a-espana/2025/stage-1,1,0,0
rider/sepp-kuss,KUSS Sepp,race/vuelta-a-espana/2025/stage-2,2,0,0
rider/sepp-kuss,KUSS Sepp,race/vuelta-a-espana/2025/stage-3,3,0,0
rider/sepp-kuss,KUSS Sepp,race/vuelta-a-espana/2025/stage-4,4,0,0
rider/sepp-kuss,KUSS Sepp,race/vuelta-a-espana/2025/stage-5,5,12,12
rider/sepp-kuss,KUSS Sepp,race/vuelta-a-espana/2025/stage-6,6,0,12
rider/sergio-geovani-chumil-gonzalez,CHUMIL Sergio Geovani,race/vuelta-a-espana/2025/stage-1,1,0,0
rider/sergio-geovani-chumil-gonzalez,CHUMIL Sergio Geovani,race/vuelta-a-espana/2025/stage-2,2,0,0
rider/sergio-geovani-chumil-gonzalez,CHUMIL Sergio Geovani,race/vuelta-a-espana/2025/stage-3,3,0,0
rider/sergio-geovani-chumil-gonzalez,CHUMIL Sergio Geovani,race/vuelta-a-espana/2025/stage-4,4,0,0
rider/sergio-geovani-chumil-gonzalez,CHUMIL Sergio Geovani,race/vuelta-a-espana/2025/stage-5,5,0,0
rider/sergio-geovani-chumil-gonzalez,CHUMIL Sergio Geovani,race/vuelta-a-espana/2025/stage-6,6,0,0
rider/sergio-higuita,HIGUITA Sergio,race/vuelta-a-espana/2025/stage-1,1,0,0
rider/sergio-higuita,HIGUITA Sergio,race/vuelta-a-espana/2025/stage-2,2,0,0
rider/sergio-higuita,HIGUITA Sergio,race/vuelta-a-espana/2025/stage-3,3,0,0
rider/sergio-higuita,HIGUITA Sergio,race/vuelta-a-espana/2025/stage-4,4,0,0
rider/sergio-higuita,HIGUITA Sergio,race/vuelta-a-espana/2025/stage-5,5,0,0
rider/sergio-higuita,HIGUITA Sergio,race/vuelta-a-espana/2025/stage-6,6,0,0
rider/sergio-samitier,SAMITIER Sergio,race/vuelta-a-espana/2025/stage-1,1,0,0
rider/sergio-samitier,SAMITIER Sergio,race/vuelta-a-espana/2025/stage-2,2,0,0
rider/sergio-samitier,SAMITIER Sergio,race/vuelta-a-espana/2025/stage-3,3,0,0
rider/sergio-samitier,SAMITIER Sergio,race/vuelta-a-espana/2025/stage-4,4,0,0
rider/sergio-samitier,SAMITIER Sergio,race/vuelta-a-espana/2025/stage-5,5,0,0
rider/sergio-samitier,SAMITIER Sergio,race/vuelta-a-espana/2025/stage-6,6,0,0
rider/simon-carr,CARR Simon,race/vuelta-a-espana/2025/stage-1,1,0,0
rider/simon-carr,CARR Simon,race/vuelta-a-espana/2025/stage-2,2,0,0
rider/simon-carr,CARR Simon,race/vuelta-a-espana/2025/stage-3,3,0,0
rider/simon-carr,CARR Simon,race/vuelta-a-espana/2025/stage-4,4,0,0
rider/simon-carr,CARR Simon,race/vuelta-a-espana/2025/stage-5,5,0,0
rider/simon-carr,CARR Simon,race/vuelta-a-espana/2025/stage-6,6,0,0
rider/simone-petilli,PETILLI Simone,race/vuelta-a-espana/2025/stage-1,1,0,0
rider/simone-petilli,PETILLI Simone,race/vuelta-a-espana/2025/stage-2,2,0,0
rider/simone-petilli,PETILLI Simone,race/vuelta-a-espana/2025/stage-3,3,0,0
rider/simone-petilli,PETILLI Simone,race/vuelta-a-espana/2025/stage-4,4,0,0
rider/simone-petilli,PETILLI Simone,race/vuelta-a-espana/2025/stage-5,5,0,0
rider/simone-petilli,PETILLI Simone,race/vuelta-a-espana/2025/stage-6,6,0,0
rider/sinuhe-fernandez-rodriguez,FERNÁNDEZ Sinuhé,race/vuelta-a-espana/2025/stage-1,1,0,0
rider/sinuhe-fernandez-rodriguez,FERNÁNDEZ Sinuhé,race/vuelta-a-espana/2025/stage-2,2,0,0
rider/sinuhe-fernandez-rodriguez,FERNÁNDEZ Sinuhé,race/vuelta-a-espana/2025/stage-3,3,0,0
rider/sinuhe-fernandez-rodriguez,FERNÁNDEZ Sinuhé,race/vuelta-a-espana/2025/stage-4,4,0,0
rider/sinuhe-fernandez-rodriguez,FERNÁNDEZ Sinuhé,race/vuelta-a-espana/2025/stage-5,5,0,0
rider/sinuhe-fernandez-rodriguez,FERNÁNDEZ Sinuhé,race/vuelta-a-espana/2025/stage-6,6,0,0
rider/soren-kragh-andersen,KRAGH ANDERSEN Søren,race/vuelta-a-espana/2025/stage-1,1,0,0
rider/soren-kragh-andersen,KRAGH ANDERSEN Søren,race/vuelta-a-espana/2025/stage-2,2,0,0
rider/soren-kragh-andersen,KRAGH ANDERSEN Søren,race/vuelta-a-espana/2025/stage-3,3,0,0
rider/soren-kragh-andersen,KRAGH ANDERSEN Søren,race/vuelta-a-espana/2025/stage-4,4,0,0
rider/soren-kragh-andersen,KRAGH ANDERSEN Søren,race/vuelta-a-espana/2025/stage-5,5,10,10
rider/soren-kragh-andersen,KRAGH ANDERSEN Søren,race/vuelta-a-espana/2025/stage-6,6,0,10
rider/stanislaw-aniolkowski,ANIOŁKOWSKI Stanisław,race/vuelta-a-espana/2025/stage-1,1,0,0
rider/stanislaw-aniolkowski,ANIOŁKOWSKI Stanisław,race/vuelta-a-espana/2025/stage-2,2,0,0
rider/stanislaw-aniolkowski,ANIOŁKOWSKI Stanisław,race/vuelta-a-espana/2025/stage-3,3,0,0
rider/stanislaw-aniolkowski,ANIOŁKOWSKI Stanisław,race/vuelta-a-espana/2025/stage-4,4,0,0
rider/stanislaw-aniolkowski,ANIOŁKOWSKI Stanisław,race/vuelta-a-espana/2025/stage-5,5,0,0
rider/stanislaw-aniolkowski,ANIOŁKOWSKI Stanisław,race/vuelta-a-espana/2025/stage-6,6,0,0
rider/stefan-kung,KÜNG Stefan,race/vuelta-a-espana/2025/stage-1,1,0,0
rider/stefan-kung,KÜNG Stefan,race/vuelta-a-espana/2025/stage-2,2,0,0
rider/stefan-kung,KÜNG Stefan,race/vuelta-a-espana/2025/stage-3,3,0,0
rider/stefan-kung,KÜNG Stefan,race/vuelta-a-espana/2025/stage-4,4,0,0
rider/stefan-kung,KÜNG Stefan,race/vuelta-a-espana/2025/stage-5,5,2,2
rider/stefan-kung,KÜNG Stefan,race/vuelta-a-espana/2025/stage-6,6,0,2
rider/thibaud-gruel,GRUEL Thibaud,race/vuelta-a-espana/2025/stage-1,1,0,0
rider/thibaud-gruel,GRUEL Thibaud,race/vuelta-a-espana/2025/stage-2,2,0,0
rider/thibaud-gruel,GRUEL Thibaud,race/vuelta-a-espana/2025/stage-3,3,0,0
rider/thibaud-gruel,GRUEL Thibaud,race/vuelta-a-espana/2025/stage-4,4,0,0
rider/thibaud-gruel,GRUEL Thibaud,race/vuelta-a-espana/2025/stage-5,5,2,2
rider/thibaud-gruel,GRUEL Thibaud,race/vuelta-a-espana/2025/stage-6,6,0,2
rider/thomas-pidcock,PIDCOCK Thomas,race/vuelta-a-espana/2025/stage-1,1,4,4
rider/thomas-pidcock,PIDCOCK Thomas,race/vuelta-a-espana/2025/stage-2,2,2,6
rider/thomas-pidcock,PIDCOCK Thomas,race/vuelta-a-espana/2025/stage-3,3,0,6
rider/thomas-pidcock,PIDCOCK Thomas,race/vuelta-a-espana/2025/stage-4,4,0,6
rider/thomas-pidcock,PIDCOCK Thomas,race/vuelta-a-espana/2025/stage-5,5,3,9
rider/thomas-pidcock,PIDCOCK Thomas,race/vuelta-a-espana/2025/stage-6,6,0,9
rider/tim-van-dijke,VAN DIJKE Tim,race/vuelta-a-espana/2025/stage-1,1,0,0
rider/tim-van-dijke,VAN DIJKE Tim,race/vuelta-a-espana/2025/stage-2,2,0,0
rider/tim-van-dijke,VAN DIJKE Tim,race/vuelta-a-espana/2025/stage-3,3,0,0
rider/tim-van-dijke,VAN DIJKE Tim,race/vuelta-a-espana/2025/stage-4,4,0,0
rider/tim-van-dijke,VAN DIJKE Tim,race/vuelta-a-espana/2025/stage-5,5,7,7
rider/tim-van-dijke,VAN DIJKE Tim,race/vuelta-a-espana/2025/stage-6,6,0,7
rider/timo-roosen,ROOSEN Timo,race/vuelta-a-espana/2025/stage-1,1,0,0
rider/timo-roosen,ROOSEN Timo,race/vuelta-a-espana/2025/stage-2,2,0,0
rider/timo-roosen,ROOSEN Timo,race/vuelta-a-espana/2025/stage-3,3,0,0
rider/timo-roosen,ROOSEN Timo,race/vuelta-a-espana/2025/stage-4,4,0,0
rider/timo-roosen,ROOSEN Timo,race/vuelta-a-espana/2025/stage-5,5,0,0
rider/timo-roosen,ROOSEN Timo,race/vuelta-a-espana/2025/stage-6,6,0,0
rider/tobias-bayer,BAYER Tobias,race/vuelta-a-espana/2025/stage-1,1,0,0
rider/tobias-bayer,BAYER Tobias,race/vuelta-a-espana/2025/stage-2,2,0,0
rider/tobias-bayer,BAYER Tobias,race/vuelta-a-espana/2025/stage-3,3,0,0
rider/tobias-bayer,BAYER Tobias,race/vuelta-a-espana/2025/stage-4,4,0,0
rider/tobias-bayer,BAYER Tobias,race/vuelta-a-espana/2025/stage-5,5,0,0
rider/tobias-bayer,BAYER Tobias,race/vuelta-a-espana/2025/stage-6,6,0,0
rider/torstein-traeen,TRÆEN Torstein,race/vuelta-a-espana/2025/stage-1,1,0,0
rider/torstein-traeen,TRÆEN Torstein,race/vuelta-a-espana/2025/stage-2,2,0,0
rider/torstein-traeen,TRÆEN Torstein,race/vuelta-a-espana/2025/stage-3,3,0,0
rider/torstein-traeen,TRÆEN Torstein,race/vuelta-a-espana/2025/stage-4,4,0,0
rider/torstein-traeen,TRÆEN Torstein,race/vuelta-a-espana/2025/stage-5,5,0,0
rider/torstein-traeen,TRÆEN Torstein,race/vuelta-a-espana/2025/stage-6,6,30,30
rider/valentin-paret-peintre,PARET-PEINTRE Valentin,race/vuelta-a-espana/2025/stage-1,1,0,0
rider/valentin-paret-peintre,PARET-PEINTRE Valentin,race/vuelta-a-espana/2025/stage-2,2,1,1
rider/valentin-paret-peintre,PARET-PEINTRE Valentin,race/vuelta-a-espana/2025/stage-3,3,2,3
rider/valentin-paret-peintre,PARET-PEINTRE Valentin,race/vuelta-a-espana/2025/stage-4,4,0,3
rider/valentin-paret-peintre,PARET-PEINTRE Valentin,race/vuelta-a-espana/2025/stage-5,5,0,3
rider/valentin-paret-peintre,PARET-PEINTRE Valentin,race/vuelta-a-espana/2025/stage-6,6,0,3
rider/victor-campenaerts,CAMPENAERTS Victor,race/vuelta-a-espana/2025/stage-1,1,0,0
rider/victor-campenaerts,CAMPENAERTS Victor,race/vuelta-a-espana/2025/stage-2,2,0,0
rider/victor-campenaerts,CAMPENAERTS Victor,race/vuelta-a-espana/2025/stage-3,3,0,0
rider/victor-campenaerts,CAMPENAERTS Victor,race/vuelta-a-espana/2025/stage-4,4,0,0
rider/victor-campenaerts,CAMPENAERTS Victor,race/vuelta-a-espana/2025/stage-5,5,12,12
rider/victor-campenaerts,CAMPENAERTS Victor,race/vuelta-a-espana/2025/stage-6,6,0,12
rider/victor-guernalec,GUERNALEC Victor,race/vuelta-a-espana/2025/stage-1,1,0,0
rider/victor-guernalec,GUERNALEC Victor,race/vuelta-a-espana/2025/stage-2,2,0,0
rider/victor-guernalec,GUERNALEC Victor,race/vuelta-a-espana/2025/stage-3,3,0,0
rider/victor-guernalec,GUERNALEC Victor,race/vuelta-a-espana/2025/stage-4,4,0,0
rider/victor-guernalec,GUERNALEC Victor,race/vuelta-a-espana/2025/stage-5,5,0,0
rider/victor-guernalec,GUERNALEC Victor,race/vuelta-a-espana/2025/stage-6,6,0,0
rider/victor-langellotti,LANGELLOTTI Victor,race/vuelta-a-espana/2025/stage-1,1,0,0
rider/victor-langellotti,LANGELLOTTI Victor,race/vuelta-a-espana/2025/stage-2,2,0,0
rider/victor-langellotti,LANGELLOTTI Victor,race/vuelta-a-espana/2025/stage-3,3,0,0
rider/victor-langellotti,LANGELLOTTI Victor,race/vuelta-a-espana/2025/stage-4,4,0,0
rider/victor-langellotti,LANGELLOTTI Victor,race/vuelta-a-espana/2025/stage-5,5,6,6
rider/victor-langellotti,LANGELLOTTI Victor,race/vuelta-a-espana/2025/stage-6,6,0,6
rider/wilco-kelderman,KELDERMAN Wilco,race/vuelta-a-espana/2025/stage-1,1,0,0
rider/wilco-kelderman,KELDERMAN Wilco,race/vuelta-a-espana/2025/stage-2,2,0,0
rider/wilco-kelderman,KELDERMAN Wilco,race/vuelta-a-espana/2025/stage-3,3,0,0
rider/wilco-kelderman,KELDERMAN Wilco,race/vuelta-a-espana/2025/stage-4,4,0,0
rider/wilco-kelderman,KELDERMAN Wilco,race/vuelta-a-espana/2025/stage-5,5,12,12
rider/wilco-kelderman,KELDERMAN Wilco,race/vuelta-a-espana/2025/stage-6,6,0,12
rider/wout-poels,POELS Wout,race/vuelta-a-espana/2025/stage-1,1,0,0
rider/wout-poels,POELS Wout,race/vuelta-a-espana/2025/stage-2,2,0,0
rider/wout-poels,POELS Wout,race/vuelta-a-espana/2025/stage-3,3,0,0
rider/wout-poels,POELS Wout,race/vuelta-a-espana/2025/stage-4,4,0,0
rider/wout-poels,POELS Wout,race/vuelta-a-espana/2025/stage-5,5,0,0
rider/wout-poels,POELS Wout,race/vuelta-a-espana/2025/stage-6,6,0,0
rider/xabier-mikel-azparren-irurzun,AZPARREN Xabier Mikel,race/vuelta-a-espana/2025/stage-1,1,0,0
rider/xabier-mikel-azparren-irurzun,AZPARREN Xabier Mikel,race/vuelta-a-espana/2025/stage-2,2,0,0
rider/xabier-mikel-azparren-irurzun,AZPARREN Xabier Mikel,race/vuelta-a-espana/2025/stage-3,3,0,0
rider/xabier-mikel-azparren-irurzun,AZPARREN Xabier Mikel,race/vuelta-a-espana/2025/stage-4,4,0,0
rider/xabier-mikel-azparren-irurzun,AZPARREN Xabier Mikel,race/vuelta-a-espana/2025/stage-5,5,3,3
rider/xabier-mikel-azparren-irurzun,AZPARREN Xabier Mikel,race/vuelta-a-espana/2025/stage-6,6,0,3
